variant_id	chrom	pos	ref	alt	host_gene	variant_class	n_patients	chromatin_log2fc	chromatin_abs_log2fc	chromatin_jsd	chromatin_high_impact	chromatin_impact_pctile	phylop	constrained	converged	confidence	direction	verdict	motif_top_tf	motif_pwm_delta	motif_is_opc_lineage_tf	a3_context_label	a3_progenitor_max_abs_log2fc	a3_heart_control_abs_log2fc	in_dipg_super_enhancer	a9_target_gene	a9_target_basis	a9_target_confidence	a9_eqtl_supported	a9_nearest_tss_gene	a9b_hic_target_gene	a9b_hic_obs_over_exp	a9b_hic_tier	a5_alphagenome_direction	a5_direction_agrees	a5_agreement_class
chr22-33000876-C-T	chr22	33000876	C	T	SYN3	Intron	1	-1.2443	1.2443	0.3793	True	1.0	8.583	True	True	medium	loss	GO	NFIA	-17.623	True	broad	2.0089	0.657	False	SYN3	nearest-gene default	nearest-default	False	SYN3	ENSG00000239674	8.016	LOOP-ONLY	loss	True	both impactful
chr1-16621200-C-A	chr1	16621200	C	A	LOC105376794	RNA	1	-1.1659	1.1659	0.4577	True	1.0	3.711	True	True	medium	loss	GO	CTCF	-6.754	False	broad	2.3315	0.7272	False	LOC105376794	nearest-gene default	nearest-default	False	ENSG00000271732	CROCCP2	1.125	AMBIGUOUS			
chr13-98333680-C-G	chr13	98333680	C	G	FARP1	Intron	1	-1.1635	1.1635	0.0375	True	1.0	8.639	True	True	medium	loss	GO	SOX10	-6.521	True	weak	0.1271	0.0942	False	FARP1	nearest-gene default	nearest-default	False	ENSG00000269599	ENSG00000269599		AMBIGUOUS	loss	True	both impactful
chr8-130749833-G-T	chr8	130749833	G	T	ENSR00000333478	IGR	1	-1.0727	1.0727	0.3206	True	1.0	8.273	True	True	medium	loss	GO	CTCF	-8.119	False	broad	2.5331	1.0748	False	ENSR00000333478	nearest-gene default	nearest-default	False	ENSG00000253656	ADCY8	1.54	AMBIGUOUS			
chr12-72777973-T-G	chr12	72777973	T	G	ENSR00000462476	IGR	1	-0.9071	0.9071	0.1195	True	1.0	4.6	True	True	medium	loss	GO	SPI1_ETS	4.836	False	OPC-specific	1.917	0.1309	False	ENSR00000462476	nearest-gene default	nearest-default	False	ENSG00000258235	LINC02444	1.046	AMBIGUOUS			
chr11-75445498-C-T	chr11	75445498	C	T	GDPD5	Intron	1	-0.9063	0.9063	0.3943	True	1.0	2.798	True	True	medium	loss	GO	NFIA	-16.224	True	broad	2.075	0.5853	False	GDPD5	nearest-gene default	nearest-default	False	KLHL35	GDPD5	3.488	LOOP-ONLY	loss	True	both impactful
chr11-121072031-A-T	chr11	121072031	A	T	TBCEL	Intron	1	-0.9021	0.9021	0.1377	True	1.0	6.321	True	True	medium	loss	GO	NEUROD1	-6.919	True	OPC-specific	1.0583	0.0073	False	TBCEL	nearest-gene default	nearest-default	False	TECTA	TECTA	0.989	AMBIGUOUS			
chr1-46447030-G-A	chr1	46447030	G	A	LINC01398	RNA	1	-0.8629	0.8629	0.3297	True	1.0	5.846	True	True	medium	loss	GO	CTCF	-3.785	False	broad	2.7201	1.0101	False	LINC01398	nearest-gene default	nearest-default	False	LINC01398	ENSG00000291138	0.89	AMBIGUOUS			
chr6-141314096-G-T	chr6	141314096	G	T	Unknown	IGR	1	-0.8601	0.8601	0.0726	True	1.0	7.04	True	True	medium	loss	GO	GABPA_ETS	7.908	False	OPC-specific	0.2404	0.031	False	Unknown	nearest-gene default	nearest-default	False	ENSG00000286452	ENSG00000286452	0.666	AMBIGUOUS			
chr2-218282661-G-A	chr2	218282661	G	A	TMBIM1	Intron	1	-0.8314	0.8314	0.1525	True	1.0	3.775	True	True	medium	loss	GO	NEUROD1	-5.992	True	broad	1.2612	0.416	False	TMBIM1	nearest-gene default	nearest-default	False	TMBIM1	TMBIM1		HOST-CONFIRMED			
chr1-231643235-T-A	chr1	231643235	T	A	DISC1	Intron	1	-0.7768	0.7768	0.0455	True	1.0	3.316	True	True	medium	loss	GO	OLIG2	-3.516	True	OPC-specific	0.4671	0.0138	False	DISC1	nearest-gene default	nearest-default	False	DISC1	DISC1		HOST-CONFIRMED			
chr13-59398820-G-A	chr13	59398820	G	A	Unknown	IGR	1	0.7683	0.7683	0.0779	True	1.0	4.605	True	True	medium	gain	GO	POU3F2	2.547	True	OPC-specific	0.6131	0.102	False	Unknown	nearest-gene default	nearest-default	False	ENSG00000288015	LINC00434	1.669	AMBIGUOUS			
chr1-47726450-G-A	chr1	47726450	G	A	ENSR00000251690	IGR	1	-0.7167	0.7167	0.2454	True	1.0	6.991	True	True	medium	loss	GO	SOX2	7.642	True	broad	1.5577	0.8498	False	ENSR00000251690	nearest-gene default	nearest-default	False	LINC01738	ENSG00000223814	1.224	AMBIGUOUS			
chr14-33788719-A-G	chr14	33788719	A	G	NPAS3	Intron	1	-0.7104	0.7104	0.1161	True	1.0	4.679	True	True	medium	loss	GO	CTCF	4.464	False	OPC-specific	0.1663	0.0133	True	NPAS3	nearest-gene default	nearest-default	False	ENSG00000287777	ENSG00000287777	0.964	AMBIGUOUS	gain	False	NCypher only
chr22-37968014-G-A	chr22	37968014	G	A	POLR2F	3'UTR	1	-0.7024	0.7024	0.0402	True	1.0	8.7	True	True	medium	loss	GO	ASCL1	-6.4	True	OPC-specific	0.8845	0.0235	True	POLR2F	nearest-gene default	nearest-default	False	C22orf23	SOX10	0.79	AMBIGUOUS	loss	True	both impactful
chr12-64946279-G-C	chr12	64946279	G	C	LINC02231	Intron	1	-0.6766	0.6766	0.107	True	1.0	6.998	True	True	medium	loss	GO	CTCF	4.655	False	broad	0.9107	0.6762	False	LINC02231	nearest-gene default	nearest-default	False	LINC02231	LINC02231	1.239	HOST-CONFIRMED			
chr15-59493061-C-A	chr15	59493061	C	A	FAM81A	Intron	1	-0.6331	0.6331	0.2365	True	1.0	6.407	True	True	medium	loss	GO	GABPA_ETS	-7.235	False	broad	1.7229	0.4857	False	FAM81A	nearest-gene default	nearest-default	False	GCNT3	ENSG00000259402	2.761	LOOP-ONLY			
chr5-90191204-T-C	chr5	90191204	T	C	LINC01339	Intron	1	-0.6189	0.6189	0.052	True	1.0	2.333	True	True	medium	loss	GO	SOX2	-3.57	True	OPC-specific	0.2674	0.0464	False	LINC01339	nearest-gene default	nearest-default	False	LINC01339	LINC01339	0.806	AMBIGUOUS			
chr1-48697284-G-T	chr1	48697284	G	T	AGBL4	Intron	1	-0.61	0.61	0.1604	True	1.0	8.769	True	True	medium	loss	GO	NFIA	-17.559	True	broad	1.3251	0.2834	False	AGBL4	nearest-gene default	nearest-default	False	BEND5	AGBL4-AS1	2.182	LOOP-ONLY			
chr7-32490375-G-A	chr7	32490375	G	A	LSM5	5'UTR	1	-0.549	0.549	0.0916	True	1.0	8.353	True	True	medium	loss	GO	GABPA_ETS	-11.952	False	broad	0.5285	0.5678	False	LSM5	nearest-gene default	HIGH	True	LSM5	LSM5		HOST-CONFIRMED			
chr20-13492217-C-T	chr20	13492217	C	T	TASP1	Intron	1	-0.5434	0.5434	0.0424	True	1.0	4.204	True	True	medium	loss	GO	ASCL1	-3.645	True	OPC-specific	0.2036	0.017	False	TASP1	nearest-gene default	nearest-default	False	ENSG00000278153	ENSG00000278153	0.765	AMBIGUOUS			
chr2-199757647-G-A	chr2	199757647	G	A	FTCDNL1	Intron	1	-0.5216	0.5216	0.1039	True	1.0	8.006	True	True	medium	loss	GO	CTCF	-4.913	False	broad	1.0092	0.6822	False	FTCDNL1	nearest-gene default	HIGH	True	FTCDNL1	FTCDNL1	1.965	AMBIGUOUS			
chr11-115519414-A-G	chr11	115519414	A	G	LOC105369511	Intron	1	0.5211	0.5211	0.0338	True	1.0	2.529	True	True	medium	gain	GO	SOX10	7.617	True	OPC-specific	0.3849	0.0137	False	LOC105369511	nearest-gene default	nearest-default	False	ENSG00000256281	ENSG00000256281		AMBIGUOUS			
chr2-213251724-C-T	chr2	213251724	C	T	ENSR00000295885	IGR	1	-0.5112	0.5112	0.3127	True	1.0	8.841	True	True	medium	loss	GO	CTCF	-8.649	False	broad	0.9682	1.0183	False	ENSR00000295885	nearest-gene default	nearest-default	False	ENSG00000272519	ENSG00000272519	0.549	AMBIGUOUS			
chr14-101630753-C-T	chr14	101630753	C	T	LOC107984698	Intron	1	-0.511	0.511	0.0384	True	1.0	8.829	True	True	medium	loss	GO	GABPA_ETS	-5.194	False	OPC-specific	0.6908	0.0269	False	LOC107984698	nearest-gene default	nearest-default	False	ENSG00000258919	ENSG00000258919		AMBIGUOUS			
chr6-88367693-G-A	chr6	88367693	G	A	LOC105377885	Intron	1	-0.508	0.508	0.0425	True	1.0	2.354	True	True	medium	loss	GO	OLIG2	-8.957	True	broad	0.5371	0.1836	False	LOC105377885	nearest-gene default	nearest-default	False	ENSG00000286871	ENSG00000286871		AMBIGUOUS			
chr8-110139082-T-C	chr8	110139082	T	C	ENSR00000865917	IGR	1	-0.502	0.502	0.0373	True	1.0	6.36	True	True	medium	loss	GO	NFIA	15.988	True	OPC-specific	0.2287	0.098	False	ENSR00000865917	nearest-gene default	nearest-default	False	KCNV1	ENSG00000253717	1.702	AMBIGUOUS			
chr7-111735866-G-A	chr7	111735866	G	A	DOCK4	Intron	1	-0.492	0.492	0.2488	True	1.0	4.97	True	True	medium	loss	GO	CTCF	-3.447	False	OPC-specific	0.3056	0.0503	False	DOCK4	nearest-gene default	nearest-default	False	ENSG00000287011	ENSG00000287011	0.34	AMBIGUOUS			
chr16-53510635-C-G	chr16	53510635	C	G	LOC105371268	RNA	1	-0.4896	0.4896	0.2157	True	1.0	4.758	True	True	medium	loss	GO	SPI1_ETS	-7.063	False	broad	0.5737	0.2312	False	LOC105371268	nearest-gene default	HIGH	True	AKTIP	AKTIP		TRIANGULATED			
chr7-65038257-A-C	chr7	65038257	A	C	LOC105375330	RNA	1	-0.4878	0.4878	0.0843	True	1.0	4.973	True	True	medium	loss	GO	NFIA	-18.448	True	broad	0.5479	0.448	False	CCT6P3	ABC-reassigned (HIGH)	HIGH	True	CCT6P3	ZNF679	16.193	LOOP-ONLY			
chr6-134074536-C-T	chr6	134074536	C	T	ENST00000663785	Intron	1	-0.4685	0.4685	0.0324	True	1.0	3.106	True	True	medium	loss	GO	SPI1_ETS	1.706	False	broad	1.4242	0.1774	False	ENST00000663785	nearest-gene default	nearest-default	False	ENSG00000287413	SLC2A12	1.043	AMBIGUOUS			
chr6-55869069-G-T	chr6	55869069	G	T	BMP5	Intron	1	-0.463	0.463	0.1015	True	1.0	2.299	True	True	medium	loss	GO	CTCF	-1.802	False	OPC-specific	0.6748	0.1358	False	BMP5	nearest-gene default	nearest-default	False	BMP5	BMP5		HOST-CONFIRMED			
chr2-16227116-G-A	chr2	16227116	G	A	ENST00000439745	RNA	1	-0.4481	0.4481	0.1126	True	1.0	4.908	True	True	medium	loss	GO	SPI1_ETS	0.318	False	broad	0.9937	0.4459	False	ENST00000439745	nearest-gene default	nearest-default	False	ENSG00000231266	ENSG00000226041	1.114	AMBIGUOUS			
chrX-100447727-C-T	chrX	100447727	C	T	ENSR00000342434	IGR	1	-0.4445	0.4445	0.2909	True	1.0	4.384	True	True	medium	loss	GO	CTCF	-8.649	False	broad	1.7163	0.5993	False	ENSR00000342434	nearest-gene default	nearest-default	False	PCDH19	PCDH19	0.724	AMBIGUOUS			
chr6-108157821-T-G	chr6	108157821	T	G	OSTM1-AS1	RNA	1	-0.4435	0.4435	0.0701	True	1.0	6.204	True	True	medium	loss	GO	SOX10	-6.123	True	OPC-specific	0.4899	0.0629	False	OSTM1-AS1	nearest-gene default	nearest-default	False	OSTM1	OSTM1		AMBIGUOUS			
chr14-67511073-G-A	chr14	67511073	G	A	TMEM229B	Intron	1	-0.4416	0.4416	0.0596	True	1.0	2.839	True	True	medium	loss	GO	CTCF	4.722	False	broad	0.6846	0.2101	False	TMEM229B	nearest-gene default	nearest-default	False	PLEKHH1	PLEKHH1	1.021	AMBIGUOUS			
chr6-105474324-C-G	chr6	105474324	C	G	LOC105377921	Intron	1	-0.4294	0.4294	0.0984	True	1.0	3.5	True	True	medium	loss	GO	NEUROD1	-2.246	True	OPC-specific	1.0318	0.1299	False	PREP	ABC-reassigned (HIGH)	HIGH	True	PREP	PREP	0.894	TRIANGULATED			
chr9-108272246-G-A	chr9	108272246	G	A	LOC105376212	Intron	1	-0.4224	0.4224	0.0541	True	1.0	8.662	True	True	medium	loss	GO	GABPA_ETS	-8.18	False	OPC-specific	1.4187	0.1139	False	LOC105376212	nearest-gene default	nearest-default	False	ENSG00000230030	ENSG00000230030	0.548	AMBIGUOUS			
chr2-41840947-C-T	chr2	41840947	C	T	ENSR00000603552	IGR	1	-0.4186	0.4186	0.0779	True	1.0	5.009	True	True	medium	loss	GO	NFIA	-17.261	True	broad	0.5954	0.3082	False	ENSR00000603552	nearest-gene default	nearest-default	False	LINC01913	ENSG00000287145	0.649	AMBIGUOUS			
chr1-101204015-C-A	chr1	101204015	C	A	ENSR00001170252	IGR	1	-0.4036	0.4036	0.0619	True	1.0	2.413	True	True	medium	loss	GO	GABPA_ETS	9.631	False	OPC-specific	0.5718	0.0735	False	ENSR00001170252	nearest-gene default	nearest-default	False	S1PR1-DT	S1PR1-DT	1.543	AMBIGUOUS			
chr13-39765919-C-T	chr13	39765919	C	T	COG6	Intron	1	-0.3914	0.3914	0.1833	True	1.0	5.693	True	True	medium	loss	GO	NFIA	-18.511	True	broad	0.4411	0.7458	False	COG6	nearest-gene default	HIGH	True	COG6	FOXO1	5.953	LOOP-ONLY			
chr1-178871299-T-G	chr1	178871299	T	G	RALGPS2	Intron	1	-0.3783	0.3783	0.0686	True	1.0	2.299	True	True	medium	loss	GO	CTCF	6.754	False	OPC-specific	0.1859	0.0278	False	ANGPTL1	ABC-reassigned (HIGH)	HIGH	True	ANGPTL1	ANGPTL1		TRIANGULATED			
chr1-110300824-C-T	chr1	110300824	C	T	RBM15-AS1	Intron	1	-0.3778	0.3778	0.0578	True	1.0	5.913	True	True	medium	loss	GO	OLIG2	4.094	True	OPC-specific	0.2696	0.0797	False	RBM15-AS1	nearest-gene default	HIGH	True	RBM15	KCNC4	3.565	LOOP-ONLY			
chr22-41964348-G-A	chr22	41964348	G	A	ENSR00000672906	IGR	1	0.3741	0.3741	0.0365	True	1.0	2.552	True	True	medium	gain	GO	ASCL1	-6.667	True	weak	0.0736	0.0187	True	ENSR00000672906	nearest-gene default	nearest-default	False	SEPTIN3	ENSG00000224883		AMBIGUOUS	gain	True	NCypher only
chrX-124218169-C-G	chrX	124218169	C	G	STAG2	Intron	1	-0.3676	0.3676	0.0354	True	1.0	4.527	True	True	medium	loss	GO	SPI1_ETS	6.217	False	OPC-specific	0.209	0.047	False	STAG2	nearest-gene default	nearest-default	False	SH2D1A	TEX13D	1.105	AMBIGUOUS			
chr7-13467363-T-G	chr7	13467363	T	G	LOC107986770	Intron	1	0.3599	0.3599	0.0353	True	1.0	6.346	True	True	medium	gain	GO	GABPA_ETS	7.946	False	OPC-specific	0.3254	0.0848	False	LOC107986770	nearest-gene default	nearest-default	False	ENSG00000237713	ENSG00000237713	0.498	AMBIGUOUS			
chr5-10233678-G-T	chr5	10233678	G	T	ATPSCKMT	Intron	1	-0.3485	0.3485	0.2169	True	1.0	4.817	True	True	medium	loss	GO	GABPA_ETS	9.631	False	broad	1.7415	0.6902	False	ATPSCKMT	nearest-gene default	nearest-default	False	ENSG00000248968	ENSG00000272417	0.639	AMBIGUOUS			
chrX-153650841-T-C	chrX	153650841	T	C	DUSP9	3'UTR	1	-0.3483	0.3483	0.0691	True	1.0	3.163	True	True	medium	loss	GO	OLIG2	-12.652	True	OPC-specific	0.2798	0.0034	False	DUSP9	nearest-gene default	nearest-default	False	DUSP9	DUSP9		HOST-CONFIRMED			
chr9-16626986-G-A	chr9	16626986	G	A	BNC2	Intron	1	0.348	0.348	0.0543	True	1.0	7.005	True	True	medium	gain	GO	NFIA	18.094	True	weak	0.1389	0.0204	False	BNC2	nearest-gene default	nearest-default	False	ENSG00000230694	ENSG00000230694		AMBIGUOUS			
chr3-62558742-G-T	chr3	62558742	G	T	CADPS	Intron	1	-0.3457	0.3457	0.1919	True	1.0	6.993	True	True	medium	loss	GO	GABPA_ETS	3.256	False	broad	1.3388	0.293	False	CADPS	nearest-gene default	nearest-default	False	FEZF2	C3orf14	4.083	LOOP-ONLY			
chr4-51844771-G-A	chr4	51844771	G	A	DCUN1D4	Intron	1	-0.3412	0.3412	0.064	True	1.0	8.494	True	True	medium	loss	GO	NFIA	17.362	True	broad	0.3355	0.2835	False	DCUN1D4	nearest-gene default	HIGH	True	DCUN1D4	DCUN1D4		HOST-CONFIRMED			
chr20-49219427-C-T	chr20	49219427	C	T	DDX27	5'UTR	1	-0.3378	0.3378	0.1283	True	1.0	4.649	True	True	medium	loss	GO	GABPA_ETS	-9.515	False	broad	0.7149	0.3703	False	DDX27	nearest-gene default	nearest-default	False	DDX27	DDX27		HOST-CONFIRMED			
chr5-166596273-C-T	chr5	166596273	C	T	ENSR00000776601	IGR	1	-0.3367	0.3367	0.187	True	1.0	4.943	True	True	medium	loss	GO	GABPA_ETS	-6.19	False	broad	1.582	0.5367	False	ENSR00000776601	nearest-gene default	nearest-default	False	LINC01947	ENSG00000254171	1.673	AMBIGUOUS			
chr1-120015197-C-A	chr1	120015197	C	A	NOTCH2	Intron	1	-0.3324	0.3324	0.0729	True	1.0	8.895	True	True	medium	loss	GO	ASCL1	-7.237	True	weak	0.0807	0.0212	False	NOTCH2	nearest-gene default	nearest-default	False	ENSG00000273406	ENSG00000273406	1.886	AMBIGUOUS			
chr16-12252829-G-A	chr16	12252829	G	A	SNX29	Intron	1	0.3324	0.3324	0.0226	True	1.0	3.065	True	True	medium	gain	GO	OLIG2	3.337	True	OPC-specific	0.7748	0.0292	True	SNX29	nearest-gene default	nearest-default	False	ENSG00000261394	ENSG00000260723	1.629	AMBIGUOUS	gain	True	both impactful
chr7-105933219-C-G	chr7	105933219	C	G	CDHR3	Intron	1	0.3304	0.3304	0.0278	True	1.0	4.566	True	True	medium	gain	GO	OLIG2	8.952	True	weak	0.161	0.0177	False	CDHR3	nearest-gene default	nearest-default	False	CDHR3	ENSG00000290116	1.18	AMBIGUOUS			
chr19-32340455-C-T	chr19	32340455	C	T	ENSR00000288073	IGR	1	-0.3265	0.3265	0.1549	True	1.0	4.754	True	True	medium	loss	GO	CTCF	-4.464	False	broad	0.6736	0.5621	False	ZNF507	ABC-reassigned (HIGH)	HIGH	True	ZNF507	ZNF507		TRIANGULATED			
chr2-143668469-C-T	chr2	143668469	C	T	ARHGAP15	Intron	1	-0.325	0.325	0.0419	True	1.0	3.573	True	True	medium	loss	GO	SOX10	5.135	True	OPC-specific	0.4555	0.0444	False	ARHGAP15	nearest-gene default	nearest-default	False	ARHGAP15-AS1	ARHGAP15-AS1		AMBIGUOUS			
chr3-28056942-G-T	chr3	28056942	G	T	LINC01967	Intron	1	-0.3205	0.3205	0.0236	True	1.0	8.796	True	True	medium	loss	GO	POU3F2	4.621	True	OPC-specific	0.2039	0.0924	False	LINC01967	nearest-gene default	nearest-default	False	LINC01967	LINC01967		HOST-CONFIRMED			
chr12-116933153-C-T	chr12	116933153	C	T	FBXW8	Intron	1	-0.3193	0.3193	0.1323	True	1.0	5.834	True	True	medium	loss	GO	CTCF	-7.427	False	broad	0.9249	0.484	False	FBXW8	nearest-gene default	nearest-default	False	ENSG00000274554	ENSG00000274554		AMBIGUOUS			
chr1-66182739-G-A	chr1	66182739	G	A	PDE4B	Intron	1	-0.3153	0.3153	0.0777	True	1.0	5.708	True	True	medium	loss	GO	GABPA_ETS	-9.515	False	OPC-specific	0.477	0.1186	False	PDE4B	nearest-gene default	nearest-default	False	PDE4B-AS1	PDE4B-AS1	1.646	AMBIGUOUS			
chr7-37007541-C-G	chr7	37007541	C	G	ELMO1	Intron	1	-0.3151	0.3151	0.0344	True	1.0	5.977	True	True	medium	loss	GO	NEUROD1	-3.236	True	OPC-specific	0.2698	0.0656	True	ELMO1	nearest-gene default	nearest-default	False	ELMO1-AS1	ELMO1-AS1		AMBIGUOUS	loss	True	NCypher only
chr19-34254563-G-T	chr19	34254563	G	T	GARRE1	5'UTR	1	-0.3125	0.3125	0.0505	True	1.0	6.237	True	True	medium	loss	GO	SPI1_ETS	5.045	False	broad	0.4094	0.3668	False	GARRE1	nearest-gene default	nearest-default	False	GARRE1	GARRE1		HOST-CONFIRMED			
chr10-78176856-G-A	chr10	78176856	G	A	LOC105378374	RNA	1	-0.3122	0.3122	0.0689	True	1.0	4.926	True	True	medium	loss	GO	NFIA	18.199	True	broad	0.7483	0.24	True	LOC105378374	nearest-gene default	nearest-default	False	ENSG00000283096	ENSG00000283096		AMBIGUOUS	loss	True	both impactful
chr11-72631936-C-A	chr11	72631936	C	A	PDE2A	Intron	1	-0.3114	0.3114	0.0609	True	1.0	5.913	True	True	medium	loss	GO	CTCF	2.59	False	broad	0.6687	0.5261	True	PDE2A	nearest-gene default	nearest-default	False	PDE2A-AS1	PDE2A-AS1		AMBIGUOUS	loss	True	both impactful
chr10-88234518-G-C	chr10	88234518	G	C	LOC101929727	Intron	1	0.3106	0.3106	0.0228	True	1.0	3.378	True	True	medium	gain	GO	CTCF	3.189	False	OPC-specific	0.2166	0.0924	True	LOC101929727	nearest-gene default	nearest-default	False	ENSG00000288875	ENSG00000288875	1.188	AMBIGUOUS	gain	True	NCypher only
chrX-129623064-T-G	chrX	129623064	T	G	ENSR00000914768	IGR	1	-0.3088	0.3088	0.0533	True	1.0	5.17	True	True	medium	loss	GO	SOX10	-8.895	True	broad	0.5481	0.1646	False	APLN	ABC-reassigned (HIGH)	HIGH	True	APLN	APLN	0.848	TRIANGULATED			
chr2-172333470-G-C	chr2	172333470	G	C	LOC107985960	Intron	1	0.3064	0.3064	0.0204	True	1.0	5.854	True	True	medium	gain	GO	SPI1_ETS	2.262	False	OPC-specific	0.5137	0.0449	False	LOC107985960	nearest-gene default	nearest-default	False	ENSG00000286557	ENSG00000286557		AMBIGUOUS			
chr2-48279606-A-G	chr2	48279606	A	G	LOC102724008	Intron	1	-0.3054	0.3054	0.0583	True	1.0	2.67	True	True	medium	loss	GO	SOX10	-7.321	True	OPC-specific	0.5814	0.034	False	LOC102724008	nearest-gene default	nearest-default	False	ENSG00000230773	ENSG00000230773	1.182	AMBIGUOUS			
chr9-68396665-A-C	chr9	68396665	A	C	PGM5	Intron	1	0.3016	0.3016	0.0563	True	1.0	2.753	True	True	medium	gain	GO	SOX10	6.635	True	OPC-specific	0.2807	0.0406	False	PGM5	nearest-gene default	nearest-default	False	ENSG00000233178	ENSG00000229019	1.245	AMBIGUOUS			
chr7-132677959-G-A	chr7	132677959	G	A	FLJ40288	Intron	1	-0.2965	0.2965	0.0283	True	1.0	3.988	True	True	medium	loss	GO	NFIA	-17.37	True	broad	0.1253	0.2592	False	FLJ40288	nearest-gene default	nearest-default	False	FLJ40288	FLJ40288	1.046	HOST-CONFIRMED			
chr10-111647153-G-A	chr10	111647153	G	A	LOC105378486	Intron	1	-0.295	0.295	0.0587	True	1.0	3.093	True	True	medium	loss	GO	CTCF	-0.75	False	OPC-specific	0.1959	0.0017	False	LOC105378486	nearest-gene default	nearest-default	False	ENSG00000227851	ENSG00000227851	1.443	AMBIGUOUS			
chr10-74989360-C-T	chr10	74989360	C	T	KAT6B	Intron	1	-0.2879	0.2879	0.0979	True	1.0	2.67	True	True	medium	loss	GO	CTCF	-2.229	False	OPC-specific	0.6816	0.008	False	KAT6B	nearest-gene default	nearest-default	False	ENSG00000227186	ENSG00000227186	0.946	AMBIGUOUS			
chr17-56638759-G-C	chr17	56638759	G	C	ENSR00000096013	IGR	1	-0.282	0.282	0.0454	True	1.0	2.855	True	True	medium	loss	GO	CTCF	5.363	False	OPC-specific	0.3893	0.1232	False	ENSR00000096013	nearest-gene default	nearest-default	False	NOG	NOG	0.878	AMBIGUOUS			
chr20-14915530-C-G	chr20	14915530	C	G	MACROD2	Intron	1	-0.2813	0.2813	0.0339	True	1.0	7.107	True	True	medium	loss	GO	CTCF	2.371	False	broad	0.213	0.1998	False	MACROD2	nearest-gene default	nearest-default	False	MACROD2-AS1	MACROD2-AS1	0.772	AMBIGUOUS			
chr1-9005302-G-A	chr1	9005302	G	A	SLC2A7	Intron	1	-0.2805	0.2805	0.0745	True	0.9988	3.835	True	True	medium	loss	GO	CTCF	-4.464	False	broad	0.6048	0.5238	False	SLC2A7	nearest-gene default	nearest-default	False	SLC2A7	SLC2A7	1.158	HOST-CONFIRMED			
chr6-164010768-T-C	chr6	164010768	T	C	LOC105378102	Intron	1	0.2787	0.2787	0.0328	True	0.9988	2.275	True	True	medium	gain	GO	SPI1_ETS	-6.611	False	weak	0.0941	0.0573	True	LOC105378102	nearest-gene default	nearest-default	False	ENSG00000286573	ENSG00000286573	1.222	AMBIGUOUS	gain	True	NCypher only
chr18-79246710-G-A	chr18	79246710	G	A	ATP9B	Intron	1	-0.2755	0.2755	0.1156	True	0.9988	4.306	True	True	medium	loss	GO	POU3F2	9.198	True	broad	0.5259	0.2562	True	ATP9B	nearest-gene default	nearest-default	False	ENSG00000267628	ENSG00000267628		AMBIGUOUS	loss	True	NCypher only
chr20-43160154-T-A	chr20	43160154	T	A	PTPRT	Intron	1	-0.2671	0.2671	0.0267	True	0.9988	6.36	True	True	medium	loss	GO	NFIA	-17.577	True	OPC-specific	0.6137	0.0517	False	PTPRT	nearest-gene default	nearest-default	False	PTPRT	PTPRT	0.78	HOST-CONFIRMED			
chr17-56129764-G-A	chr17	56129764	G	A	ANKFN1	Intron	1	-0.2668	0.2668	0.0494	True	0.9988	6.97	True	True	medium	loss	GO	OLIG2	0.909	True	OPC-specific	0.3189	0.0062	False	ANKFN1	nearest-gene default	HIGH	True	ANKFN1	ANKFN1	0.648	HOST-CONFIRMED			
chr12-72777974-T-G	chr12	72777974	T	G	ENSR00000462476	IGR	1	-0.2652	0.2652	0.0229	True	0.9988	6.251	True	True	medium	loss	GO	NEUROD1	-6.808	True	OPC-specific	0.2942	0.0168	False	ENSR00000462476	nearest-gene default	nearest-default	False	ENSG00000258235	LINC02444	1.046	AMBIGUOUS			
chr9-125461420-T-C	chr9	125461420	T	C	MAPKAP1	Intron	1	-0.2617	0.2617	0.0399	True	0.9988	6.36	True	True	medium	loss	GO	SOX2	-5.335	True	OPC-specific	0.4391	0.0661	False	MAPKAP1	nearest-gene default	nearest-default	False	ENSG00000287782	ENSG00000287782	1.007	AMBIGUOUS			
chr11-36196158-G-A	chr11	36196158	G	A	LDLRAD3	Intron	1	-0.2595	0.2595	0.0742	True	0.9988	5.684	True	True	medium	loss	GO	NFIA	-18.129	True	weak	0.1314	0.0936	True	LDLRAD3	nearest-gene default	nearest-default	False	COMMD9	ENSG00000254566	1.098	AMBIGUOUS	loss	True	both impactful
chr3-172153482-C-G	chr3	172153482	C	G	FNDC3B	Intron	1	-0.2594	0.2594	0.0265	True	0.9988	5.787	True	True	medium	loss	GO	CTCF	-2.903	False	OPC-specific	0.4731	0.1399	True	FNDC3B	nearest-gene default	nearest-default	False	FNDC3B	TMEM212-AS1	1.44	AMBIGUOUS	loss	True	both impactful
chr19-3397698-G-A	chr19	3397698	G	A	NFIC	Intron	1	-0.2592	0.2592	0.0299	True	0.9988	3.656	True	True	medium	loss	GO	POU3F2	2.279	True	OPC-specific	0.514	0.0177	True	NFIC	nearest-gene default	nearest-default	False	SMIM24	NFIC	1.156	AMBIGUOUS	loss	True	NCypher only
chr3-181317760-C-T	chr3	181317760	C	T	SOX2-OT	Intron	1	0.2588	0.2588	0.0673	True	0.9988	3.538	True	True	medium	gain	GO	POU3F2	3.064	True	weak	0.1168	0.0187	False	ENSG00000241231	ABC-reassigned (HIGH)	HIGH	True	ENSG00000241231	ENSG00000239381	4.449	LOOP-ONLY	gain	True	NCypher only
chr12-64946421-G-T	chr12	64946421	G	T	LINC02231	Intron	1	-0.2565	0.2565	0.0468	True	0.9988	4.008	True	True	medium	loss	GO	CTCF	-3.444	False	OPC-specific	0.3682	0.0041	False	LINC02231	nearest-gene default	nearest-default	False	LINC02231	LINC02231	1.239	HOST-CONFIRMED			
chr5-104965230-C-T	chr5	104965230	C	T	ENST00000503650	Intron	1	-0.2565	0.2565	0.0221	True	0.9988	4.58	True	True	medium	loss	GO	NEUROD1	1.59	True	OPC-specific	0.1623	0.1056	False	ENST00000503650	nearest-gene default	nearest-default	False	ENSG00000253776	ENSG00000253584	0.94	AMBIGUOUS			
chr2-176638323-C-A	chr2	176638323	C	A	LINC01117	Intron	1	-0.256	0.256	0.1172	True	0.9988	8.825	True	True	medium	loss	GO	CTCF	-3.444	False	broad	0.2369	0.4092	True	LINC01116	ABC-reassigned (HIGH)	HIGH	True	LINC01116	HOXD8	13.565	LOOP-ONLY	loss	True	both impactful
chr6-131427523-C-T	chr6	131427523	C	T	LOC105378005	Intron	1	0.2525	0.2525	0.0224	True	0.9988	2.959	True	True	medium	gain	GO	OLIG2	4.917	True	OPC-specific	0.1881	0.0634	True	LOC105378005	nearest-gene default	nearest-default	False	ENSG00000290067	ENSG00000290067	1.04	AMBIGUOUS	gain	True	NCypher only
chr20-3786726-G-A	chr20	3786726	G	A	CENPB	5'UTR	1	0.2495	0.2495	0.1073	True	0.9975	4.224	True	True	medium	gain	GO	ASCL1	6.188	True	broad	0.2685	0.3014	False	CENPB	nearest-gene default	HIGH	True	CENPB	LINC01730	1.248	AMBIGUOUS			
chr14-96614717-A-G	chr14	96614717	A	G	ENSR00001202083	IGR	1	-0.2479	0.2479	0.0508	True	0.9975	6.314	True	True	medium	loss	GO	POU3F2	-6.069	True	OPC-specific	0.4869	0.0085	False	ENSG00000258702	ABC-reassigned (HIGH)	HIGH	True	ENSG00000258702	ENSG00000258702	1.104	TRIANGULATED			
chr17-46732854-A-G	chr17	46732854	A	G	NSF	Intron	1	-0.2402	0.2402	0.0374	True	0.9975	3.582	True	True	medium	loss	GO	CTCF	6.183	False	OPC-specific	0.3055	0.0396	False	NSF	nearest-gene default	nearest-default	False	WNT3	GOSR2-DT	1.349	AMBIGUOUS			
chrX-150508637-C-T	chrX	150508637	C	T	MAMLD1	Intron	1	0.2388	0.2388	0.0853	True	0.9975	2.69	True	True	medium	gain	GO	SPI1_ETS	3.96	False	broad	0.2272	0.3161	False	MAMLD1	nearest-gene default	nearest-default	False	MTM1	MTM1	1.766	AMBIGUOUS			
chr3-177516695-T-C	chr3	177516695	T	C	LINC00578	Intron	1	-0.2379	0.2379	0.0812	True	0.9975	4.703	True	True	medium	loss	GO	GABPA_ETS	1.019	False	weak	0.1399	0.0143	False	LINC00578	nearest-gene default	nearest-default	False	LINC00578	TBL1XR1	1.544	AMBIGUOUS			
chr7-146852964-C-A	chr7	146852964	C	A	CNTNAP2	Intron	1	-0.2359	0.2359	0.0211	True	0.9975	3.822	True	True	medium	loss	GO	NEUROD1	-6.255	True	OPC-specific	0.3898	0.0317	False	CNTNAP2	nearest-gene default	nearest-default	False	CNTNAP2-AS1	CNTNAP2	3.246	LOOP-ONLY			
chr4-158775606-C-T	chr4	158775606	C	T	FNIP2	Intron	1	-0.2347	0.2347	0.0226	True	0.9975	2.743	True	True	medium	loss	GO	CTCF	-6.183	False	weak	0.0923	0.0159	False	FNIP2	nearest-gene default	HIGH	True	FNIP2	FNIP2		HOST-CONFIRMED			
chrX-47659161-G-A	chrX	47659161	G	A	UXT	5'UTR	1	-0.2332	0.2332	0.0319	True	0.9975	4.681	True	True	medium	loss	GO	GABPA_ETS	-9.515	False	broad	0.5246	0.3138	False	UXT	nearest-gene default	nearest-default	False	UXT	UXT		HOST-CONFIRMED			
chr3-193788591-C-A	chr3	193788591	C	A	LOC105374283	Intron	1	-0.2298	0.2298	0.1147	True	0.9975	2.752	True	True	medium	loss	GO	GABPA_ETS	9.127	False	broad	0.634	0.255	False	LOC105374283	nearest-gene default	nearest-default	False	ENSG00000286624	ENSG00000287206	0.974	AMBIGUOUS			
chr14-54627947-A-G	chr14	54627947	A	G	SAMD4A	Intron	1	0.2295	0.2295	0.0228	True	0.9975	2.366	True	True	medium	gain	GO	OLIG2	4.487	True	OPC-specific	0.2821	0.0266	True	SAMD4A	nearest-gene default	nearest-default	False	SAMD4A	SAMD4A-AS1	1.912	AMBIGUOUS	gain	True	NCypher only
chr2-143608014-G-A	chr2	143608014	G	A	ARHGAP15	Intron	1	-0.2274	0.2274	0.0226	True	0.9975	5.799	True	True	medium	loss	GO	NFIA	18.448	True	weak	0.0484	0.0014	False	ARHGAP15	nearest-gene default	nearest-default	False	ENSG00000283994	ENSG00000283994		AMBIGUOUS			
chr2-16227283-C-T	chr2	16227283	C	T	ENST00000439745	RNA	1	-0.2265	0.2265	0.0794	True	0.9975	8.88	True	True	medium	loss	GO	GABPA_ETS	4.047	False	OPC-specific	0.2728	0.0507	False	ENST00000439745	nearest-gene default	nearest-default	False	ENSG00000231266	ENSG00000226041	1.114	AMBIGUOUS			
chr22-37968995-G-A	chr22	37968995	G	A	POLR2F	3'UTR	1	-0.2264	0.2264	0.0168	True	0.9975	4.136	True	True	medium	loss	GO	OLIG2	6.462	True	OPC-specific	0.415	0.0103	True	POLR2F	nearest-gene default	nearest-default	False	C22orf23	SOX10	0.79	AMBIGUOUS	loss	True	NCypher only
chr14-54640636-G-T	chr14	54640636	G	T	SAMD4A	Intron	1	0.2258	0.2258	0.0817	True	0.9975	4.768	True	True	medium	gain	GO	GABPA_ETS	-11.953	False	broad	0.1783	0.228	True	SAMD4A	nearest-gene default	nearest-default	False	SAMD4A	SAMD4A	1.314	HOST-CONFIRMED	gain	True	NCypher only
chr1-120341030-C-T	chr1	120341030	C	T	LOC107985522	Intron	1	-0.2243	0.2243	0.0246	True	0.9975	2.702	True	True	medium	loss	GO	POU3F2	3.515	True	OPC-specific	0.3133	0.1509	False	LOC107985522	nearest-gene default	nearest-default	False	ENSG00000290569	HMGCS2	11.001	LOOP-ONLY			
chr1-160307529-G-C	chr1	160307529	G	C	COPA	Intron	1	0.2241	0.2241	0.0456	True	0.9975	5.629	True	True	medium	gain	GO	NFIA	18.584	True	broad	0.8322	0.3173	False	COPA	nearest-gene default	nearest-default	False	PEX19	PEX19	1.263	AMBIGUOUS			
chr14-68791314-G-A	chr14	68791314	G	A	ZFP36L1	Intron	1	-0.2239	0.2239	0.042	True	0.9975	4.008	True	True	medium	loss	GO	OLIG2	-12.652	True	weak	0.0584	0.1224	True	ZFP36L1	nearest-gene default	nearest-default	False	ENSG00000289626	ZFP36L1		HOST-CONFIRMED	loss	True	NCypher only
chr8-59264408-C-T	chr8	59264408	C	T	Unknown	IGR	1	-0.2238	0.2238	0.0285	True	0.9975	4.927	True	True	medium	loss	GO	NEUROD1	-5.05	True	OPC-specific	0.2276	0.021	False	Unknown	nearest-gene default	nearest-default	False	TOX	TOX	1.863	AMBIGUOUS			
chr11-125235298-C-T	chr11	125235298	C	T	PKNOX2	Intron	1	0.2235	0.2235	0.0195	True	0.9975	4.019	True	True	medium	gain	GO	CTCF	-2.605	False	weak	0.0436	0.0835	True	PKNOX2	nearest-gene default	nearest-default	False	ENSG00000254932	ENSG00000254932	1.309	AMBIGUOUS	loss	False	NCypher only
chr14-30389762-C-T	chr14	30389762	C	T	ENSR00000493774	IGR	1	-0.2222	0.2222	0.0308	True	0.9975	8.894	True	True	medium	loss	GO	OLIG2	7.326	True	OPC-specific	0.3761	0.0437	False	ENSR00000493774	nearest-gene default	nearest-default	False	ENSG00000248975	ENSG00000248975	1.366	AMBIGUOUS			
chr5-16849958-C-T	chr5	16849958	C	T	MYO10	Intron	1	-0.2212	0.2212	0.0232	True	0.9975	6.906	True	True	medium	loss	GO	NEUROD1	-7.515	True	OPC-specific	0.1707	0.0172	False	MYO10	nearest-gene default	nearest-default	False	MYO10	MYO10	1.582	HOST-CONFIRMED			
chr4-129096366-T-G	chr4	129096366	T	G	C4orf33	Intron	1	0.2205	0.2205	0.0546	True	0.9975	3.052	True	True	medium	gain	GO	NFIA	17.23	True	broad	0.4298	0.2915	False	C4orf33	nearest-gene default	HIGH	True	SCLT1	SCLT1		TRIANGULATED			
chr1-232620638-C-T	chr1	232620638	C	T	SIPA1L2	Intron	1	-0.2202	0.2202	0.0768	True	0.9975	5.016	True	True	medium	loss	GO	OLIG2	-4.049	True	broad	0.3219	0.2574	True	SIPA1L2	nearest-gene default	nearest-default	False	SIPA1L2	SIPA1L2		HOST-CONFIRMED	loss	True	NCypher only
chr6-75155185-C-T	chr6	75155185	C	T	COL12A1	Intron	1	0.2202	0.2202	0.0196	True	0.9975	2.508	True	True	medium	gain	GO	SOX10	8.33	True	OPC-specific	0.272	0.0288	False	COL12A1	nearest-gene default	nearest-default	False	COL12A1	COL12A1	0.668	HOST-CONFIRMED			
chr5-51186086-C-T	chr5	51186086	C	T	ENSR00000754297	IGR	1	0.2188	0.2188	0.0373	True	0.9975	5.723	True	True	medium	gain	GO	ASCL1	6.517	True	OPC-specific	0.4412	0.0607	False	ENSR00000754297	nearest-gene default	nearest-default	False	ISL1-DT	ENSG00000251125	0.986	AMBIGUOUS			
chr3-42654894-T-A	chr3	42654894	T	A	ZBTB47	Intron	1	-0.2187	0.2187	0.0915	True	0.9975	5.811	True	True	medium	loss	GO	GABPA_ETS	-7.468	False	broad	0.5993	0.2271	False	ZBTB47	nearest-gene default	nearest-default	False	ZBTB47-AS1	ZBTB47		HOST-CONFIRMED			
chr1-91886030-C-T	chr1	91886030	C	T	TGFBR3	5'UTR	1	0.2176	0.2176	0.075	True	0.9975	6.912	True	True	medium	gain	GO	GABPA_ETS	11.95	False	OPC-specific	0.1725	0.1508	False	TGFBR3	nearest-gene default	nearest-default	False	TGFBR3	TGFBR3	0.619	HOST-CONFIRMED			
chr6-14450208-G-C	chr6	14450208	G	C	LOC101928331	Intron	1	-0.2172	0.2172	0.0816	True	0.9975	2.576	True	True	medium	loss	GO	ASCL1	1.776	True	OPC-specific	0.3848	0.152	False	LOC101928331	nearest-gene default	nearest-default	False	ENSG00000286277	ENSG00000286277	1.217	AMBIGUOUS			
chr17-49470303-G-A	chr17	49470303	G	A	ENST00000576461	Intron	1	-0.2148	0.2148	0.0559	True	0.9975	3.499	True	True	medium	loss	GO	GABPA_ETS	-1.601	False	broad	0.2647	0.1827	False	ENST00000576461	nearest-gene default	nearest-default	False	LINC02075	LINC02075		AMBIGUOUS			
chr3-3705293-A-G	chr3	3705293	A	G	LOC100130207	Intron	1	-0.2144	0.2144	0.0319	True	0.9975	4.56	True	True	medium	loss	GO	ASCL1	-5.492	True	weak	0.1237	0.0019	False	LOC100130207	nearest-gene default	nearest-default	False	ENSG00000223727	ENSG00000223727	1.286	AMBIGUOUS			
chr3-182500511-C-T	chr3	182500511	C	T	LINC01995	Intron	1	-0.2116	0.2116	0.0261	True	0.9975	3.315	True	True	medium	loss	GO	POU3F2	2.983	True	OPC-specific	0.2278	0.0728	False	LINC01995	nearest-gene default	nearest-default	False	LINC01994	LINC01994		AMBIGUOUS			
chr18-56067406-G-T	chr18	56067406	G	T	LINC01905	Intron	1	0.2112	0.2112	0.0383	True	0.9975	5.897	True	True	medium	gain	GO	SOX10	4.059	True	weak	0.0224	0.0136	True	LINC01905	nearest-gene default	nearest-default	False	ENSG00000267399	ENSG00000267399		AMBIGUOUS	loss	False	NCypher only
chr3-43273596-C-G	chr3	43273596	C	G	Unknown	IGR	1	0.2108	0.2108	0.0262	True	0.9962	4.043	True	True	medium	gain	GO	NFIA	18.379	True	OPC-specific	0.3549	0.1492	False	SNRK	ABC-reassigned (HIGH)	HIGH	True	SNRK	SNRK		TRIANGULATED			
chr17-50200666-C-T	chr17	50200666	C	T	COL1A1	Intron	1	-0.2066	0.2066	0.128	True	0.9962	3.88	True	True	medium	loss	GO	POU3F2	7.152	True	OPC-specific	0.2319	0.067	True	COL1A1	nearest-gene default	nearest-default	False	ENSG00000249406	TMEM92-AS1	4.055	LOOP-ONLY	loss	True	both impactful
chr5-54543565-G-T	chr5	54543565	G	T	SNX18	3'UTR	1	-0.2062	0.2062	0.0209	True	0.9962	4.942	True	True	medium	loss	GO	NEUROD1	3.759	True	OPC-specific	0.2206	0.0258	False	SNX18	nearest-gene default	HIGH	True	SNX18	SNX18	1.094	HOST-CONFIRMED			
chr15-84500836-G-A	chr15	84500836	G	A	LOC112267869	RNA	1	-0.2023	0.2023	0.1545	True	0.995	2.836	True	True	medium	loss	GO	OLIG2	5.072	True	OPC-specific	0.1767	0.0696	False	LOC112267869	nearest-gene default	nearest-default	False	ENSG00000259551	GOLGA6L4	0.0	AMBIGUOUS			
chr14-80378089-T-C	chr14	80378089	T	C	DIO2-AS1	Intron	1	-0.2022	0.2022	0.0968	True	0.995	3.751	True	True	medium	loss	GO	SOX10	-9.282	True	weak	0.0624	0.0145	False	DIO2-AS1	nearest-gene default	nearest-default	False	DIO2	DIO2		AMBIGUOUS			
chr16-641867-T-G	chr16	641867	T	G	MCRIP2	5'UTR	1	-0.2021	0.2021	0.0441	True	0.995	5.717	True	True	medium	loss	GO	SOX10	-2.207	True	broad	0.2624	0.3083	False	MCRIP2	nearest-gene default	nearest-default	False	MCRIP2	WFIKKN1	1.152	AMBIGUOUS			
chr15-64134492-C-T	chr15	64134492	C	T	SNX1	Intron	1	-0.2016	0.2016	0.0634	True	0.995	3.282	True	True	medium	loss	GO	OLIG2	6.993	True	OPC-specific	0.2453	0.0113	True	SNX1	nearest-gene default	nearest-default	False	SNX22	SNX22	0.577	AMBIGUOUS	gain	False	NCypher only
chr13-40490535-C-T	chr13	40490535	C	T	LINC00598	Intron	1	-0.1988	0.1988	0.0165	True	0.995	2.306	True	True	medium	loss	GO	POU3F2	3.895	True	OPC-specific	0.2407	0.0016	False	LINC00598	nearest-gene default	nearest-default	False	LINC00598	LINC00598	1.132	HOST-CONFIRMED			
chr7-140479383-G-A	chr7	140479383	G	A	MKRN1	5'UTR	1	-0.1983	0.1983	0.1206	True	0.995	4.399	True	True	medium	loss	GO	NFIA	17.893	True	broad	0.4063	0.3916	False	MKRN1	nearest-gene default	nearest-default	False	MKRN1	MKRN1		HOST-CONFIRMED			
chr9-134438332-G-A	chr9	134438332	G	A	RXRA	3'UTR	1	-0.1953	0.1953	0.0301	True	0.995	4.253	True	True	medium	loss	GO	GABPA_ETS	4.047	False	weak	0.0577	0.0041	True	RXRA	nearest-gene default	nearest-default	False	ENSG00000223795	ENSG00000273473	7.277	LOOP-ONLY	gain	False	NCypher only
chr9-16829218-G-A	chr9	16829218	G	A	BNC2	Intron	1	-0.1935	0.1935	0.0519	True	0.995	2.396	True	True	medium	loss	GO	GABPA_ETS	-3.2	False	OPC-specific	0.173	0.0272	False	BNC2	nearest-gene default	nearest-default	False	BNC2	BNC2	0.891	HOST-CONFIRMED			
chrX-118216804-T-C	chrX	118216804	T	C	Unknown	IGR	1	-0.1934	0.1934	0.0182	True	0.995	2.7	True	True	medium	loss	GO	CTCF	6.183	False	weak	0.0724	0.1135	False	Unknown	nearest-gene default	nearest-default	False	KLHL13	KLHL13	1.161	AMBIGUOUS			
chr9-14869139-C-T	chr9	14869139	C	T	FREM1	5'UTR	1	-0.1932	0.1932	0.0182	True	0.995	2.932	True	True	medium	loss	GO	SPI1_ETS	1.606	False	weak	0.0747	0.0121	False	FREM1	nearest-gene default	HIGH	True	FREM1	FREM1	1.142	HOST-CONFIRMED			
chr2-196988216-G-A	chr2	196988216	G	A	ANKRD44	3'UTR	1	-0.1931	0.1931	0.0337	True	0.995	2.332	True	True	medium	loss	GO	GABPA_ETS	-9.264	False	OPC-specific	0.2121	0.0791	True	ANKRD44	nearest-gene default	nearest-default	False	PGAP1	PGAP1	1.892	AMBIGUOUS	loss	True	NCypher only
chr5-108101414-C-A	chr5	108101414	C	A	FBXL17	Intron	1	-0.1917	0.1917	0.0374	True	0.995	5.773	True	True	medium	loss	GO	NFIA	-18.511	True	OPC-specific	1.0967	0.1347	False	FBXL17	nearest-gene default	nearest-default	False	FBXL17	FBXL17	0.98	AMBIGUOUS			
chr13-78537848-C-T	chr13	78537848	C	T	OBI1-AS1	Intron	1	-0.1898	0.1898	0.0202	True	0.9938	7.145	True	True	medium	loss	GO	SPI1_ETS	4.865	False	weak	0.1481	0.0044	False	OBI1-AS1	nearest-gene default	nearest-default	False	ENSG00000271776	ENSG00000235625	1.35	AMBIGUOUS			
chr1-74964599-C-T	chr1	74964599	C	T	ENST00000438619	Intron	1	-0.1887	0.1887	0.0354	True	0.9938	8.877	True	True	medium	loss	GO	POU3F2	2.306	True	weak	0.1102	0.0807	False	ENST00000438619	nearest-gene default	nearest-default	False	ENSG00000229943	ENSG00000229943		AMBIGUOUS			
chr11-48104480-A-G	chr11	48104480	A	G	PTPRJ	Intron	1	0.1886	0.1886	0.0183	True	0.9938	4.602	True	True	medium	gain	GO	CTCF	6.183	False	broad	0.1237	0.9959	True	PTPRJ	nearest-gene default	nearest-default	False	PTPRJ-AS1	PTPRJ	2.662	LOOP-ONLY	loss	False	both impactful
chr7-114922278-G-A	chr7	114922278	G	A	MDFIC	5'UTR	1	-0.187	0.187	0.0384	True	0.9938	4.506	True	True	medium	loss	GO	NEUROD1	7.108	True	OPC-specific	0.2412	0.1266	False	MDFIC	nearest-gene default	nearest-default	False	MDFIC	MDFIC		HOST-CONFIRMED			
chr9-16987210-A-T	chr9	16987210	A	T	ENST00000649137	Intron	1	-0.1859	0.1859	0.0476	True	0.9938	2.34	True	True	medium	loss	GO	NFIA	-17.303	True	OPC-specific	0.2037	0.0069	False	ENST00000649137	nearest-gene default	nearest-default	False	ENSG00000285169	ENSG00000285169		AMBIGUOUS			
chr20-32528285-C-T	chr20	32528285	C	T	NOL4L	Intron	1	-0.1852	0.1852	0.0368	True	0.9938	7.024	True	True	medium	loss	GO	SPI1_ETS	4.865	False	OPC-specific	0.2109	0.1026	True	NOL4L	nearest-gene default	nearest-default	False	ENSG00000277301	ENSG00000233293	2.985	LOOP-ONLY	loss	True	NCypher only
chr3-142987272-C-G	chr3	142987272	C	G	PAQR9-AS1	Intron	1	-0.1843	0.1843	0.1691	True	0.9938	2.728	True	True	medium	loss	GO	GABPA_ETS	5.635	False	broad	0.4764	0.2746	False	PAQR9-AS1	nearest-gene default	nearest-default	False	ENSG00000268129	U2SURP	0.841	AMBIGUOUS			
chr8-26010397-C-A	chr8	26010397	C	A	EBF2	Intron	1	0.1825	0.1825	0.0301	True	0.9925	2.426	True	True	medium	gain	GO	NEUROD1	-7.021	True	weak	0.1071	0.0057	False	EBF2	nearest-gene default	nearest-default	False	EBF2	EBF2	1.714	HOST-CONFIRMED			
chr15-69489323-C-T	chr15	69489323	C	T	DRAIC	Intron	1	-0.1807	0.1807	0.0185	True	0.9925	2.489	True	True	medium	loss	GO	OLIG2	-1.717	True	weak	0.0928	0.0463	False	DRAIC	nearest-gene default	nearest-default	False	DRAIC	DRAIC	0.655	HOST-CONFIRMED			
chr11-121742105-C-A	chr11	121742105	C	A	ENST00000652518	Intron	1	0.1806	0.1806	0.0261	True	0.9925	4.166	True	True	medium	gain	GO	OLIG2	9.482	True	weak	0.1159	0.0971	True	ENST00000652518	nearest-gene default	nearest-default	False	ENSG00000286044	MIR100HG	3.203	LOOP-ONLY	loss	False	NCypher only
chr20-669845-C-T	chr20	669845	C	T	SCRT2	Intron	1	-0.1802	0.1802	0.0457	True	0.9925	8.874	True	True	medium	loss	GO	CTCF	-8.649	False	broad	0.5413	0.4317	False	SCRT2	nearest-gene default	nearest-default	False	ENSG00000270299	ENSG00000270299		AMBIGUOUS			
chr12-49673683-G-A	chr12	49673683	G	A	FMNL3	Intron	1	-0.1801	0.1801	0.0248	True	0.9925	5.807	True	True	medium	loss	GO	SOX10	-7.617	True	broad	0.3382	0.4886	False	FMNL3	nearest-gene default	nearest-default	False	TMBIM6	TMBIM6	1.651	AMBIGUOUS			
chr2-231015855-C-G	chr2	231015855	C	G	SPATA3	Intron	1	0.178	0.178	0.0273	True	0.9912	5.128	True	True	medium	gain	GO	SPI1_ETS	-3.202	False	weak	0.1303	0.0356	False	SPATA3	nearest-gene default	nearest-default	False	SPATA3-AS1	C2orf72	1.273	AMBIGUOUS			
chr19-13151895-C-G	chr19	13151895	C	G	IER2	Intron	1	-0.1757	0.1757	0.0584	True	0.9912	6.945	True	True	medium	loss	GO	OLIG2	-4.039	True	broad	0.375	0.4385	True	IER2	nearest-gene default	nearest-default	False	ENSG00000287296	STX10		AMBIGUOUS	loss	True	both impactful
chr22-25142214-C-T	chr22	25142214	C	T	KIAA1671	Intron	1	0.1748	0.1748	0.0193	True	0.9912	2.915	True	True	medium	gain	GO	CTCF	-1.308	False	OPC-specific	0.4074	0.0689	False	KIAA1671	nearest-gene default	nearest-default	False	KIAA1671-AS1	KIAA1671-AS1	1.284	AMBIGUOUS			
chr16-17369899-C-T	chr16	17369899	C	T	XYLT1	Intron	1	-0.1711	0.1711	0.0454	True	0.9912	4.717	True	True	medium	loss	GO	ASCL1	4.368	True	OPC-specific	0.2965	0.0683	True	XYLT1	nearest-gene default	nearest-default	False	ENSG00000286849	ENSG00000287905	6.971	LOOP-ONLY	loss	True	NCypher only
chr11-115739414-C-T	chr11	115739414	C	T	LINC02698	Intron	1	-0.1682	0.1682	0.0381	True	0.99	3.036	True	True	medium	loss	GO	SOX10	-5.251	True	OPC-specific	0.3684	0.0174	False	LINC02698	nearest-gene default	nearest-default	False	ENSG00000288020	ENSG00000288020		AMBIGUOUS			
chr10-103555398-C-T	chr10	103555398	C	T	NEURL1	Intron	1	-0.1678	0.1678	0.0519	True	0.99	2.949	True	True	medium	loss	GO	ASCL1	6.705	True	OPC-specific	0.4018	0.1485	False	NEURL1	nearest-gene default	nearest-default	False	ENSG00000226431	ENSG00000287419	1.986	AMBIGUOUS			
chr1-48109586-C-T	chr1	48109586	C	T	LINC02794	Intron	1	-0.1668	0.1668	0.0917	True	0.99	4.033	True	True	medium	loss	GO	SOX10	9.282	True	broad	0.192	0.2115	False	LINC02794	nearest-gene default	nearest-default	False	ENSG00000231413	ENSG00000231413	0.753	AMBIGUOUS			
chr1-115748614-C-T	chr1	115748614	C	T	CASQ2	Intron	1	-0.1667	0.1667	0.0244	True	0.99	3.594	True	True	medium	loss	GO	OLIG2	6.462	True	OPC-specific	1.3078	0.091	False	CASQ2	nearest-gene default	nearest-default	False	CASQ2	CASQ2	1.083	HOST-CONFIRMED			
chr1-84720447-G-C	chr1	84720447	G	C	ENSR00000926994	IGR	1	0.1662	0.1662	0.0258	True	0.99	5.699	True	True	medium	gain	GO	POU3F2	2.666	True	OPC-specific	0.3849	0.0245	False	ENSR00000926994	nearest-gene default	nearest-default	False	SSX2IP	SSX2IP	1.331	AMBIGUOUS			
chr4-107375022-A-G	chr4	107375022	A	G	Unknown	IGR	1	0.1651	0.1651	0.0153	True	0.99	2.333	True	True	medium	gain	GO	SPI1_ETS	-4.865	False	weak	0.099	0.0263	False	Unknown	nearest-gene default	nearest-default	False	DKK2	DKK2	0.729	AMBIGUOUS			
chr7-91137381-C-T	chr7	91137381	C	T	CDK14	Intron	1	-0.1649	0.1649	0.0315	True	0.99	6.957	True	True	medium	loss	GO	CTCF	-7.427	False	weak	0.0743	0.0614	False	CDK14	nearest-gene default	nearest-default	False	ENSG00000286411	FZD1	1.839	AMBIGUOUS			
chr10-77038028-C-T	chr10	77038028	C	T	KCNMA1	Intron	1	0.1646	0.1646	0.0559	True	0.99	3.388	True	True	medium	gain	GO	SOX2	5.335	True	weak	0.122	0.0057	False	KCNMA1	nearest-gene default	nearest-default	False	KCNMA1-AS2	KCNMA1-AS1	0.885	AMBIGUOUS			
chr9-73689691-G-A	chr9	73689691	G	A	Unknown	IGR	1	-0.1639	0.1639	0.0189	True	0.99	6.999	True	True	medium	loss	GO	CTCF	-1.901	False	OPC-specific	0.2115	0.0378	False	Unknown	nearest-gene default	nearest-default	False	ENSG00000232590	ENSG00000232590	1.236	AMBIGUOUS			
chr11-40435197-A-C	chr11	40435197	A	C	LRRC4C	Intron	1	-0.1627	0.1627	0.0222	True	0.99	3.641	True	True	medium	loss	GO	POU3F2	-6.313	True	OPC-specific	0.7335	0.0536	False	LRRC4C	nearest-gene default	nearest-default	False	ENSG00000255132	ENSG00000255132	1.109	AMBIGUOUS			
chr6-90369368-G-A	chr6	90369368	G	A	Unknown	IGR	1	-0.1626	0.1626	0.0283	True	0.99	2.404	True	True	medium	loss	GO	NFIA	18.543	True	OPC-specific	0.26	0.1098	False	Unknown	nearest-gene default	nearest-default	False	ENSG00000289988	ENSG00000289988		AMBIGUOUS			
