key	chrom	pos	cls	in_se	direction	logfc	phylop	nearest_gene	nearestTSS_gene	nearestTSS_dist	element	element_signal	abc_top_gene	abc_top_type	abc_top_dist	abc_top_score	abc_second_gene	abc_ratio	gamma_stable	agree_input	agree_nearTSS	differs_from_input	abc_near_tie	eqtl_n_within10kb	eqtl_best_p	eqtl_n_tissues	orthogonal_eqtl	confidence	final_gene	final_basis
chr2-176638323-C-A	chr2	176638323	Intron	1	loss	-0.256	8.824999809265137	LINC01117	LINC01116	392	Peak_52149	8.42	LINC01116	lncRNA	306	0.1438	NRAL	12.46	True	False	True	True	False	10	2.0718199999999997e-20	5	True	HIGH	LINC01116	ABC-reassigned (HIGH)
chr7-37007541-C-G	chr7	37007541	Intron	1	loss	-0.3151	5.9770002365112305	ELMO1	ELMO1-AS1	9745	Peak_1655	15.23	ELMO1-AS1	lncRNA	9822	0.1348	ENSG00000230831	4.61	True	False	True	True	False	0		0	False	nearest-default	ELMO1	nearest-gene default
chr18-56067406-G-T	chr18	56067406	Intron	1	gain	0.2112	5.896999835968018	LINC01905	ENSG00000267399	4328	Peak_95981	5.19	ENSG00000267399	lncRNA	4327	0.1438	LINC01539	4.56	True	False	True	True	False	0		0	False	nearest-default	LINC01905	nearest-gene default
chr18-79246710-G-A	chr18	79246710	Intron	1	loss	-0.2755	4.306000232696533	ATP9B	ENSG00000267628	8146	Peak_32745	5.72	ENSG00000267628	lncRNA	8159	0.0492	ENSG00000286245	2.71	True	False	True	True	False	0		0	False	nearest-default	ATP9B	nearest-gene default
chr1-232620638-C-T	chr1	232620638	Intron	1	loss	-0.2202	5.015999794006348	SIPA1L2	SIPA1L2	9933	Peak_56081	8.21	SIPA1L2	protein_coding	9999	0.0553	LINC01745	2.6	True	True	True	False	False	0		0	False	nearest-default	SIPA1L2	nearest-gene default
chr10-88234518-G-C	chr10	88234518	Intron	1	gain	0.3106	3.378000020980835	LOC101929727	ENSG00000288875	130108	Peak_41688	10.29	ENSG00000288875	lncRNA	130032	0.0407	LIPF	2.56	True	False	True	True	False	0		0	False	nearest-default	LOC101929727	nearest-gene default
chr22-41964348-G-A	chr22	41964348	IGR	1	gain	0.3741	2.552000045776367	ENSR00000672906	SEPTIN3	5095	Peak_14997	12.81	SEPTIN3	protein_coding	5326	0.1133	SMIM45	2.26	True	False	True	True	False	0		0	False	nearest-default	ENSR00000672906	nearest-gene default
chr11-121742105-C-A	chr11	121742105	Intron	1	gain	0.1806	4.165999889373779	ENST00000652518	ENSG00000286044	67844	Peak_26176	12.11	ENSG00000286044	lncRNA	67890	0.0168	ENSG00000289391	2.23	True	False	True	True	False	0		0	False	nearest-default	ENST00000652518	nearest-gene default
chr11-72631936-C-A	chr11	72631936	Intron	1	loss	-0.3114	5.913000106811523	PDE2A	PDE2A-AS1	11301	Peak_73424	4.45	PDE2A-AS1	lncRNA	11212	0.0288	PDE2A-AS2	1.99	True	False	True	True	False	0		0	False	nearest-default	PDE2A	nearest-gene default
chr6-131427523-C-T	chr6	131427523	Intron	1	gain	0.2525	2.9590001106262207	LOC105378005	ENSG00000290067	16277	Peak_2739	22.68	ENSG00000290067	lncRNA	16142	0.2041	ARG1	1.95	True	False	True	True	False	0		0	False	nearest-default	LOC105378005	nearest-gene default
chr14-33788719-A-G	chr14	33788719	Intron	1	loss	-0.7104	4.678999900817871	NPAS3	ENSG00000287777	105833	Peak_7428	13.95	ENSG00000287777	lncRNA	105565	0.0248	ENSG00000287153	1.84	True	False	True	True	False	0		0	False	nearest-default	NPAS3	nearest-gene default
chr16-17369899-C-T	chr16	17369899	Intron	1	loss	-0.1711	4.7170000076293945	XYLT1	ENSG00000286849	35779	Peak_25518	8.04	ENSG00000286849	lncRNA	35517	0.0276	ENSG00000260945	1.76	True	False	True	True	False	0		0	False	nearest-default	XYLT1	nearest-gene default
chr6-164010768-T-C	chr6	164010768	Intron	1	gain	0.2787	2.2750000953674316	LOC105378102	ENSG00000286573	50581	Peak_19695	11.34	ENSG00000286573	lncRNA	50563	0.0416	ENSG00000288696	1.69	True	False	True	True	False	0		0	False	nearest-default	LOC105378102	nearest-gene default
chr20-32528285-C-T	chr20	32528285	Intron	1	loss	-0.1852	7.02400016784668	NOL4L	ENSG00000277301	18326	Peak_68695	6.04	ENSG00000277301	lncRNA	18311	0.0303	ENSG00000233293	1.66	True	False	True	True	False	0		0	False	nearest-default	NOL4L	nearest-gene default
chr9-134438332-G-A	chr9	134438332	3'UTR	1	loss	-0.1953	4.252999782562256	RXRA	ENSG00000223795	67140	Peak_55388	5.62	ENSG00000223795	lncRNA	67113	0.0113	ENSG00000228877	1.54	True	False	True	True	False	0		0	False	nearest-default	RXRA	nearest-gene default
chr2-196988216-G-A	chr2	196988216	3'UTR	1	loss	-0.1931	2.3320000171661377	ANKRD44	PGAP1	60420	Peak_24353	14.67	PGAP1	protein_coding	60321	0.0336	C2orf66	1.43	True	False	True	True	False	0		0	False	nearest-default	ANKRD44	nearest-gene default
chr14-54627947-A-G	chr14	54627947	Intron	1	gain	0.2295	2.365999937057495	SAMD4A	SAMD4A	61830	Peak_15095	10.82	SAMD4A	protein_coding	61773	0.0215	SAMD4A-AS1	1.35	True	True	True	False	False	0		0	False	nearest-default	SAMD4A	nearest-gene default
chr15-64134492-C-T	chr15	64134492	Intron	1	loss	-0.2016	3.2820000648498535	SNX1	SNX22	17223	Peak_27896	12.31	SNX22	protein_coding	17178	0.0479	PPIB	1.35	True	False	True	True	False	0		0	False	nearest-default	SNX1	nearest-gene default
chr11-125235298-C-T	chr11	125235298	Intron	1	gain	0.2235	4.019000053405762	PKNOX2	ENSG00000254932	31500	Peak_36405	8.86	ENSG00000254932	lncRNA	31640	0.0192	ENSG00000259290	1.33	True	False	True	True	False	0		0	False	nearest-default	PKNOX2	nearest-gene default
chr11-36196158-G-A	chr11	36196158	Intron	1	loss	-0.2595	5.684000015258789	LDLRAD3	COMMD9	93291	Peak_29923	10.94	ENSG00000254566	lncRNA	127063	0.0197	PRR5L	1.2	True	False	False	True	True	0		0	False	nearest-default	LDLRAD3	nearest-gene default
chr3-172153482-C-G	chr3	172153482	Intron	1	loss	-0.2594	5.7870001792907715	FNDC3B	FNDC3B	113904	Peak_2277	21.57	GHSR	protein_coding	295047	0.0459	TNFSF10	1.14	True	False	False	True	True	0		0	False	nearest-default	FNDC3B	nearest-gene default
chr11-48104480-A-G	chr11	48104480	Intron	1	gain	0.1886	4.6020002365112305	PTPRJ	PTPRJ-AS1	88625	Peak_66473	6.59	OR4B1	protein_coding	112212	0.0269	OR4X2	1.12	True	False	False	True	True	0		0	False	nearest-default	PTPRJ	nearest-gene default
chr22-37968014-G-A	chr22	37968014	3'UTR	1	loss	-0.7024	8.699999809265137	POLR2F	C22orf23	14345	Peak_14658	8.96	C22orf23	protein_coding	14498	0.0345	POLR2F	1.06	True	False	True	True	True	0		0	False	nearest-default	POLR2F	nearest-gene default
chr22-37968995-G-A	chr22	37968995	3'UTR	1	loss	-0.2264	4.136000156402588	POLR2F	C22orf23	15326	Peak_19379	7.73	C22orf23	protein_coding	15295	0.0284	POLR2F	1.06	True	False	True	True	True	0		0	False	nearest-default	POLR2F	nearest-gene default
chr14-54640636-G-T	chr14	54640636	Intron	1	gain	0.2258	4.76800012588501	SAMD4A	SAMD4A	74519	Peak_78387	5.85	SAMD4A	protein_coding	74638	0.0099	SAMD4A-AS1	1.02	False	True	True	False	True	0		0	False	nearest-default	SAMD4A	nearest-gene default
chr10-78176856-G-A	chr10	78176856	RNA	1	loss	-0.3122	4.926000118255615	LOC105378374	ENSG00000283096	72	Peak_1470	17.42	ENSG00000283096	lncRNA	426	0.3057	ENSG00000282863	1.01	True	False	True	True	True	0		0	False	nearest-default	LOC105378374	nearest-gene default
chr14-68791314-G-A	chr14	68791314	Intron	1	loss	-0.2239	4.007999897003174	ZFP36L1	ENSG00000289626	3936	Peak_47348	5.0	ZFP36L1	protein_coding	4833	0.0785	ENSG00000289626	1.01	True	True	False	False	True	0		0	False	nearest-default	ZFP36L1	nearest-gene default
chr17-50200666-C-T	chr17	50200666	Intron	1	loss	-0.2066	3.880000114440918	COL1A1	ENSG00000249406	790	Peak_37836	10.28	COL1A1	protein_coding	764	0.144	ENSG00000249406	1.01	True	True	False	False	True	0		0	False	nearest-default	COL1A1	nearest-gene default
chr19-3397698-G-A	chr19	3397698	Intron	1	loss	-0.2592	3.6559998989105225	NFIC	SMIM24	82827	Peak_66754	7.16	SMIM24	protein_coding	82827	0.0099	NFIC	1.01	True	False	True	True	True	0		0	False	nearest-default	NFIC	nearest-gene default
chr16-12252829-G-A	chr16	12252829	Intron	1	gain	0.3324	3.065000057220459	SNX29	ENSG00000261394	119753	Peak_21313	13.67	ENSG00000260723	lncRNA	120042	0.0216	ENSG00000261394	1.0	False	False	False	True	True	0		0	False	nearest-default	SNX29	nearest-gene default
chr19-13151895-C-G	chr19	13151895	Intron	1	loss	-0.1757	6.945000171661377	IER2	ENSG00000287296	1018	Peak_10903	7.39	STX10	protein_coding	1539	0.0782	IER2	1.0	True	False	False	True	True	0		0	False	nearest-default	IER2	nearest-gene default
chr1-178871299-T-G	chr1	178871299	Intron	0	loss	-0.3783	2.299000024795532	RALGPS2	ANGPTL1	222	Peak_26619	13.68	ANGPTL1	protein_coding	123	0.4112	RALGPS2-AS1	28.89	True	False	True	True	False	2	6.58371e-05	1	True	HIGH	ANGPTL1	ABC-reassigned (HIGH)
chr19-32340455-C-T	chr19	32340455	IGR	0	loss	-0.3265	4.754000186920166	ENSR00000288073	ZNF507	5139	Peak_33666	12.27	ZNF507	protein_coding	5138	0.2362	ENSG00000288790	6.72	True	False	True	True	False	28	1.24808e-08	3	True	HIGH	ZNF507	ABC-reassigned (HIGH)
chr7-65038257-A-C	chr7	65038257	RNA	0	loss	-0.4878	4.9730000495910645	LOC105375330	CCT6P3	97	Peak_6262	15.34	CCT6P3	lncRNA	60	0.2965	ERV3-1	6.11	True	False	True	True	False	29	1.27148e-37	1	True	HIGH	CCT6P3	ABC-reassigned (HIGH)
chr4-51844771-G-A	chr4	51844771	Intron	0	loss	-0.3412	8.494000434875488	DCUN1D4	DCUN1D4	1771	Peak_25780	5.64	DCUN1D4	protein_coding	1824	0.1398	ENSG00000272576	3.67	True	True	True	False	False	16	1.19429e-05	2	True	HIGH	DCUN1D4	nearest-gene default
chr6-105474324-C-G	chr6	105474324	Intron	0	loss	-0.4294	3.5	LOC105377921	PREP	20262	Peak_109194	4.64	PREP	protein_coding	20226	0.0537	LINC02836	3.15	True	False	True	True	False	1	2.73646e-05	1	True	HIGH	PREP	ABC-reassigned (HIGH)
chr3-43273596-C-G	chr3	43273596	IGR	0	gain	0.2108	4.043000221252441	Unknown	SNRK	12916	Peak_5638	15.69	SNRK	protein_coding	12945	0.0994	SNRK-AS1	2.6	True	False	True	True	False	1	1.22583e-06	1	True	HIGH	SNRK	ABC-reassigned (HIGH)
chr4-158775606-C-T	chr4	158775606	Intron	0	loss	-0.2347	2.743000030517578	FNIP2	FNIP2	6580	Peak_8036	18.68	FNIP2	protein_coding	6435	0.2507	ENSG00000289999	2.48	True	True	True	False	False	73	5.03869e-08	3	True	HIGH	FNIP2	nearest-gene default
chr5-54543565-G-T	chr5	54543565	3'UTR	0	loss	-0.2062	4.941999912261963	SNX18	SNX18	25806	Peak_78028	6.08	SNX18	protein_coding	25856	0.0282	ENSG00000287367	2.43	True	True	True	False	False	38	9.01776e-09	4	True	HIGH	SNX18	nearest-gene default
chr13-39765919-C-T	chr13	39765919	Intron	0	loss	-0.3914	5.692999839782715	COG6	COG6	110292	Peak_25703	12.01	COG6	protein_coding	110652	0.0175	LHFPL6	1.62	True	True	True	False	False	68	2.43385e-06	3	True	HIGH	COG6	nearest-gene default
chr14-96614717-A-G	chr14	96614717	IGR	0	loss	-0.2479	6.314000129699707	ENSR00001202083	ENSG00000258702	22318	Peak_67650	7.14	ENSG00000258702	lncRNA	22244	0.0397	ENSG00000287350	1.52	True	False	True	True	False	10	1.1041e-07	5	True	HIGH	ENSG00000258702	ABC-reassigned (HIGH)
chr3-181317760-C-T	chr3	181317760	Intron	0	gain	0.2588	3.538000106811523	SOX2-OT	ENSG00000241231	124837	Peak_82275	5.88	ENSG00000241231	lncRNA	124850	0.0088	FXR1	1.38	True	False	True	True	False	43	1.52507e-15	13	True	HIGH	ENSG00000241231	ABC-reassigned (HIGH)
chrX-129623064-T-G	chrX	129623064	IGR	0	loss	-0.3088	5.170000076293945	ENSR00000914768	APLN	31892	Peak_107020	4.76	APLN	protein_coding	31995	0.0205	ENSG00000287024	1.32	True	False	True	True	False	1	5.58083e-05	1	True	HIGH	APLN	ABC-reassigned (HIGH)
chr17-56129764-G-A	chr17	56129764	Intron	0	loss	-0.2668	6.96999979019165	ANKFN1	ANKFN1	247463	Peak_8249	12.41	ANKFN1	protein_coding	247724	0.0221	ENSG00000262052	1.1	True	True	True	False	True	8	1.42134e-05	1	True	HIGH	ANKFN1	nearest-gene default
chr9-14869139-C-T	chr9	14869139	5'UTR	0	loss	-0.1932	2.931999921798706	FREM1	FREM1	41856	Peak_109000	4.61	FREM1	protein_coding	41680	0.0196	ENSG00000283647	1.06	False	True	True	False	True	59	3.49982e-07	5	True	HIGH	FREM1	nearest-gene default
chr2-199757647-G-A	chr2	199757647	Intron	0	loss	-0.5216	8.005999565124512	FTCDNL1	FTCDNL1	93545	Peak_12661	14.48	ENSG00000225421	lncRNA	985347	0.0235	ENSG00000231557	1.03	True	False	False	True	True	1	0.000119301	1	True	HIGH	FTCDNL1	nearest-gene default
chr7-32490375-G-A	chr7	32490375	5'UTR	0	loss	-0.549	8.352999687194824	LSM5	LSM5	4908	Peak_9184	16.29	LSM5	protein_coding	5089	0.2577	AVL9	1.02	True	True	True	False	True	133	6.06556e-09	4	True	HIGH	LSM5	nearest-gene default
chr1-110300824-C-T	chr1	110300824	Intron	0	loss	-0.3778	5.913000106811523	RBM15-AS1	RBM15	37682	Peak_24967	13.55	LAMTOR5-AS1	lncRNA	46422	0.0274	RBM15	1.01	False	False	False	True	True	1	4.79395e-05	1	True	HIGH	RBM15-AS1	nearest-gene default
chr16-53510635-C-G	chr16	53510635	RNA	0	loss	-0.4896	4.757999897003174	LOC105371268	AKTIP	6224	Peak_25992	14.94	AKTIP	protein_coding	6145	0.2224	ENSG00000288801	1.01	False	False	True	True	True	59	1.71823e-15	9	True	HIGH	LOC105371268	nearest-gene default
chr20-3786726-G-A	chr20	3786726	5'UTR	0	gain	0.2495	4.223999977111816	CENPB	CENPB	14	Peak_18635	12.76	SPEF1	protein_coding	5105	0.1272	CDC25B	1.0	True	False	False	True	True	13	6.42715e-08	1	True	HIGH	CENPB	nearest-gene default
chr4-129096366-T-G	chr4	129096366	Intron	0	gain	0.2205	3.052000045776367	C4orf33	SCLT1	2766	Peak_59496	4.22	SCLT1	protein_coding	2640	0.0944	C4orf33	1.0	True	False	True	True	True	42	3.29355e-07	2	True	HIGH	C4orf33	nearest-gene default
chr11-40435197-A-C	chr11	40435197	Intron	0	loss	-0.1627	3.6410000324249263	LRRC4C	ENSG00000255132	959398	Peak_150109	2.72	ENSG00000255132	lncRNA	959418	0.0018		999.0	True	False	True	True	False	0		0	False	nearest-default	LRRC4C	nearest-gene default
chr9-108272246-G-A	chr9	108272246	Intron	0	loss	-0.4224	8.661999702453613	LOC105376212	ENSG00000230030	17426	Peak_30092	12.92	ENSG00000230030	lncRNA	17314	0.1863	ACTL7B	22.27	True	False	True	True	False	0		0	False	nearest-default	LOC105376212	nearest-gene default
chr1-74964599-C-T	chr1	74964599	Intron	0	loss	-0.1887	8.876999855041504	ENST00000438619	ENSG00000229943	1285	Peak_70986	6.8	ENSG00000229943	lncRNA	1403	0.4386	ENSG00000261213	19.9	True	False	True	True	False	0		0	False	nearest-default	ENST00000438619	nearest-gene default
chr9-16626986-G-A	chr9	16626986	Intron	0	gain	0.348	7.005000114440918	BNC2	ENSG00000230694	1310	Peak_61878	7.56	ENSG00000230694	lncRNA	1223	0.2929	ENSG00000231756	13.9	True	False	True	True	False	0		0	False	nearest-default	BNC2	nearest-gene default
chr19-34254563-G-T	chr19	34254563	5'UTR	0	loss	-0.3125	6.236999988555908	GARRE1	GARRE1	11	Peak_15780	14.92	GARRE1	protein_coding	112	0.3123	LSM14A	12.23	True	True	True	False	False	0		0	False	nearest-default	GARRE1	nearest-gene default
chr2-172333470-G-C	chr2	172333470	Intron	0	gain	0.3064	5.854000091552734	LOC107985960	ENSG00000286557	2888	Peak_2958	17.51	ENSG00000286557	lncRNA	2808	0.4235	ENSG00000288048	11.72	True	False	True	True	False	0		0	False	nearest-default	LOC107985960	nearest-gene default
chr3-28056942-G-T	chr3	28056942	Intron	0	loss	-0.3205	8.795999526977539	LINC01967	LINC01967	2326	Peak_26918	13.17	LINC01967	lncRNA	2269	0.5663	LINC01981	11.61	True	True	True	False	False	0		0	False	nearest-default	LINC01967	nearest-gene default
chr1-120341030-C-T	chr1	120341030	Intron	0	loss	-0.2243	2.7019999027252197	LOC107985522	ENSG00000290569	841	Peak_35128	10.25	ENSG00000290569	lncRNA	596	0.1615	NBPF8	11.52	True	False	True	True	False	0		0	False	nearest-default	LOC107985522	nearest-gene default
chr7-146852964-C-A	chr7	146852964	Intron	0	loss	-0.2359	3.822000026702881	CNTNAP2	CNTNAP2-AS1	244645	Peak_44435	10.2	CNTNAP2-AS1	lncRNA	244647	0.0769	ENSG00000230190	10.21	True	False	True	True	False	0		0	False	nearest-default	CNTNAP2	nearest-gene default
chr6-90369368-G-A	chr6	90369368	IGR	0	loss	-0.1626	2.4040000438690186	Unknown	ENSG00000289988	6756	Peak_106067	4.76	ENSG00000289988	lncRNA	6905	0.0757	BACH2	8.89	True	False	True	True	False	0		0	False	nearest-default	Unknown	nearest-gene default
chr7-140479383-G-A	chr7	140479383	5'UTR	0	loss	-0.1983	4.39900016784668	MKRN1	MKRN1	153	Peak_4482	17.44	MKRN1	protein_coding	420	0.2932	SLC37A3	8.21	True	True	True	False	False	0		0	False	nearest-default	MKRN1	nearest-gene default
chr13-98333680-C-G	chr13	98333680	Intron	0	loss	-1.1635	8.638999938964844	FARP1	ENSG00000269599	444	Peak_180	25.24	ENSG00000269599	lncRNA	496	0.2769	ENSG00000269189	6.88	True	False	True	True	False	0		0	False	nearest-default	FARP1	nearest-gene default
chr9-16987210-A-T	chr9	16987210	Intron	0	loss	-0.1859	2.3399999141693115	ENST00000649137	ENSG00000285169	2437	Peak_123978	4.08	ENSG00000285169	lncRNA	2476	0.2261	ENSG00000237153	6.27	True	False	True	True	False	0		0	False	nearest-default	ENST00000649137	nearest-gene default
chr14-80378089-T-C	chr14	80378089	Intron	0	loss	-0.2022	3.750999927520752	DIO2-AS1	DIO2	9668	Peak_40745	10.88	DIO2	protein_coding	9399	0.4997	DIO2-AS1	5.93	True	False	True	True	False	0		0	False	nearest-default	DIO2-AS1	nearest-gene default
chr20-49219427-C-T	chr20	49219427	5'UTR	0	loss	-0.3378	4.64900016784668	DDX27	DDX27	80	Peak_14363	14.48	DDX27	protein_coding	3	0.2533	STAU1	4.84	True	True	True	False	False	0		0	False	nearest-default	DDX27	nearest-gene default
chr1-115748614-C-T	chr1	115748614	Intron	0	loss	-0.1667	3.5940001010894775	CASQ2	CASQ2	20270	Peak_89156	5.44	CASQ2	protein_coding	20172	0.0568	ENSG00000287103	4.79	True	True	True	False	False	0		0	False	nearest-default	CASQ2	nearest-gene default
chr7-13467363-T-G	chr7	13467363	Intron	0	gain	0.3599	6.3460001945495605	LOC107986770	ENSG00000237713	102314	Peak_10858	15.66	ENSG00000237713	lncRNA	102181	0.0684	ENSG00000224330	4.6	True	False	True	True	False	0		0	False	nearest-default	LOC107986770	nearest-gene default
chr6-134074536-C-T	chr6	134074536	Intron	0	loss	-0.4685	3.1059999465942383	ENST00000663785	ENSG00000287413	413	Peak_42623	10.24	ENSG00000287413	lncRNA	519	0.2127	SLC2A12	4.01	True	False	True	True	False	0		0	False	nearest-default	ENST00000663785	nearest-gene default
chrX-153650841-T-C	chrX	153650841	3'UTR	0	loss	-0.3483	3.163000106811523	DUSP9	DUSP9	8349	Peak_96095	5.19	DUSP9	protein_coding	8488	0.0544	SLC6A8	3.82	True	True	True	False	False	0		0	False	nearest-default	DUSP9	nearest-gene default
chr11-115739414-C-T	chr11	115739414	Intron	0	loss	-0.1682	3.0360000133514404	LINC02698	ENSG00000288020	4566	Peak_60221	7.95	ENSG00000288020	lncRNA	4514	0.1795	LINC00900	3.79	True	False	True	True	False	0		0	False	nearest-default	LINC02698	nearest-gene default
chr7-114922278-G-A	chr7	114922278	5'UTR	0	loss	-0.187	4.50600004196167	MDFIC	MDFIC	184	Peak_50106	8.09	MDFIC	protein_coding	196	0.2415	LINC01393	3.65	True	True	True	False	False	0		0	False	nearest-default	MDFIC	nearest-gene default
chr11-75445498-C-T	chr11	75445498	Intron	0	loss	-0.9063	2.7980000972747803	GDPD5	KLHL35	12295	Peak_29689	13.64	KLHL35	protein_coding	12356	0.0921	ENSG00000254460	3.47	True	False	True	True	False	0		0	False	nearest-default	GDPD5	nearest-gene default
chr6-55869069-G-T	chr6	55869069	Intron	0	loss	-0.463	2.299000024795532	BMP5	BMP5	6521	Peak_46174	9.64	BMP5	protein_coding	6584	0.5889	GFRAL	3.27	True	True	True	False	False	0		0	False	nearest-default	BMP5	nearest-gene default
chr6-88367693-G-A	chr6	88367693	Intron	0	loss	-0.508	2.3540000915527344	LOC105377885	ENSG00000286871	10587	Peak_53134	8.84	ENSG00000286871	lncRNA	10630	0.158	ENSG00000234426	3.1	True	False	True	True	False	0		0	False	nearest-default	LOC105377885	nearest-gene default
chr10-103555398-C-T	chr10	103555398	Intron	0	loss	-0.1678	2.9489998817443848	NEURL1	ENSG00000226431	6323	Peak_38508	10.07	ENSG00000226431	lncRNA	6089	0.1525	ENSG00000287419	3.03	True	False	True	True	False	0		0	False	nearest-default	NEURL1	nearest-gene default
chr2-143668469-C-T	chr2	143668469	Intron	0	loss	-0.325	3.572999954223633	ARHGAP15	ARHGAP15-AS1	12290	Peak_55105	8.52	ARHGAP15-AS1	lncRNA	12307	0.1794	ENSG00000257277	3.0	True	False	True	True	False	0		0	False	nearest-default	ARHGAP15	nearest-gene default
chr20-13492217-C-T	chr20	13492217	Intron	0	loss	-0.5434	4.203999996185303	TASP1	ENSG00000278153	123514	Peak_32153	12.01	ENSG00000278153	lncRNA	123493	0.0658	ENSG00000225956	2.91	True	False	True	True	False	0		0	False	nearest-default	TASP1	nearest-gene default
chr3-3705293-A-G	chr3	3705293	Intron	0	loss	-0.2144	4.559999942779541	LOC100130207	ENSG00000223727	77997	Peak_11683	18.11	ENSG00000223727	lncRNA	77881	0.1474	ENSG00000287720	2.69	True	False	True	True	False	0		0	False	nearest-default	LOC100130207	nearest-gene default
chr17-56638759-G-C	chr17	56638759	IGR	0	loss	-0.282	2.8550000190734863	ENSR00000096013	NOG	45060	Peak_128977	3.82	NOG	protein_coding	45129	0.0097	ENSG00000283209	2.57	True	False	True	True	False	0		0	False	nearest-default	ENSR00000096013	nearest-gene default
chr17-49470303-G-A	chr17	49470303	Intron	0	loss	-0.2148	3.499000072479248	ENST00000576461	LINC02075	8554	Peak_84482	5.76	LINC02075	lncRNA	8369	0.0679	NGFR	2.48	True	False	True	True	False	0		0	False	nearest-default	ENST00000576461	nearest-gene default
chr12-72777973-T-G	chr12	72777973	IGR	0	loss	-0.9071	4.599999904632568	ENSR00000462476	ENSG00000258235	49129	Peak_79718	6.12	ENSG00000258235	lncRNA	49171	0.1863	ENSG00000257682	2.44	True	False	True	True	False	0		0	False	nearest-default	ENSR00000462476	nearest-gene default
chr12-72777974-T-G	chr12	72777974	IGR	0	loss	-0.2652	6.250999927520752	ENSR00000462476	ENSG00000258235	49130	Peak_79718	6.12	ENSG00000258235	lncRNA	49171	0.1863	ENSG00000257682	2.44	True	False	True	True	False	0		0	False	nearest-default	ENSR00000462476	nearest-gene default
chr9-125461420-T-C	chr9	125461420	Intron	0	loss	-0.2617	6.360000133514404	MAPKAP1	ENSG00000287782	35251	Peak_21304	11.87	ENSG00000287782	lncRNA	35434	0.0386	ENSG00000227068	2.42	True	False	True	True	False	0		0	False	nearest-default	MAPKAP1	nearest-gene default
chr10-77038028-C-T	chr10	77038028	Intron	0	gain	0.1646	3.388000011444092	KCNMA1	KCNMA1-AS2	109624	Peak_86761	5.62	KCNMA1-AS1	lncRNA	149735	0.0316	KCNMA1-AS2	2.41	True	False	False	True	False	0		0	False	nearest-default	KCNMA1	nearest-gene default
chrX-100447727-C-T	chrX	100447727	IGR	0	loss	-0.4445	4.383999824523926	ENSR00000342434	PCDH19	37454	Peak_81659	6.12	PCDH19	protein_coding	37553	0.0489	TNMD	2.37	True	False	True	True	False	0		0	False	nearest-default	ENSR00000342434	nearest-gene default
chr5-166596273-C-T	chr5	166596273	IGR	0	loss	-0.3367	4.942999839782715	ENSR00000776601	LINC01947	330097	Peak_122327	4.08	ENSG00000254171	lncRNA	467733	0.0134	LINC01947	2.22	True	False	False	True	False	0		0	False	nearest-default	ENSR00000776601	nearest-gene default
chr1-91886030-C-T	chr1	91886030	5'UTR	0	gain	0.2176	6.9120001792907715	TGFBR3	TGFBR3	20305	Peak_8079	13.56	TGFBR3	protein_coding	20295	0.2077	BRDT	2.11	True	True	True	False	False	0		0	False	nearest-default	TGFBR3	nearest-gene default
chr1-66182739-G-A	chr1	66182739	Intron	0	loss	-0.3153	5.708000183105469	PDE4B	PDE4B-AS1	132021	Peak_100591	4.82	PDE4B-AS1	lncRNA	132175	0.0115	ENSG00000285079	2.04	True	False	True	True	False	0		0	False	nearest-default	PDE4B	nearest-gene default
chr11-121072031-A-T	chr11	121072031	Intron	0	loss	-0.9021	6.321000099182129	TBCEL	TECTA	29212	Peak_9531	16.09	TECTA	protein_coding	29326	0.1038	TBCEL-TECTA	2.04	True	False	True	True	False	0		0	False	nearest-default	TBCEL	nearest-gene default
chr13-40490535-C-T	chr13	40490535	Intron	0	loss	-0.1988	2.305999994277954	LINC00598	LINC00598	45272	Peak_26303	11.36	LINC00598	lncRNA	45241	0.0653	ENSG00000288542	2.01	True	True	True	False	False	0		0	False	nearest-default	LINC00598	nearest-gene default
chr15-59493061-C-A	chr15	59493061	Intron	0	loss	-0.6331	6.4070000648498535	FAM81A	GCNT3	101814	Peak_26254	13.9	GCNT3	protein_coding	101841	0.0453	ENSG00000259735	1.99	True	False	True	True	False	0		0	False	nearest-default	FAM81A	nearest-gene default
chr6-14450208-G-C	chr6	14450208	Intron	0	loss	-0.2172	2.575999975204468	LOC101928331	ENSG00000286277	18525	Peak_26592	14.04	ENSG00000286277	lncRNA	18413	0.1194	ENSG00000234540	1.99	True	False	True	True	False	0		0	False	nearest-default	LOC101928331	nearest-gene default
chr1-46447030-G-A	chr1	46447030	RNA	0	loss	-0.8629	5.8460001945495605	LINC01398	LINC01398	4287	Peak_76805	5.67	LINC01398	lncRNA	4251	0.0907	ENSG00000291138	1.98	True	True	True	False	False	0		0	False	nearest-default	LINC01398	nearest-gene default
chr9-68396665-A-C	chr9	68396665	Intron	0	gain	0.3016	2.753000020980835	PGM5	ENSG00000233178	9835	Peak_48841	8.35	ENSG00000233178	lncRNA	9541	0.1717	ENSG00000229019	1.91	True	False	True	True	False	0		0	False	nearest-default	PGM5	nearest-gene default
chrX-150508637-C-T	chrX	150508637	Intron	0	gain	0.2388	2.690000057220459	MAMLD1	MTM1	59780	Peak_31910	12.11	MTM1	protein_coding	59812	0.0295	MTMR1	1.87	True	False	True	True	False	0		0	False	nearest-default	MAMLD1	nearest-gene default
chr2-41840947-C-T	chr2	41840947	IGR	0	loss	-0.4186	5.008999824523926	ENSR00000603552	LINC01913	19208	Peak_258	22.55	LINC01913	lncRNA	19001	0.1963	ENSG00000287145	1.74	True	False	True	True	False	0		0	False	nearest-default	ENSR00000603552	nearest-gene default
chr2-213251724-C-T	chr2	213251724	IGR	0	loss	-0.5112	8.840999603271484	ENSR00000295885	ENSG00000272519	24428	Peak_52904	8.84	ENSG00000272519	lncRNA	24421	0.0768	SPAG16-DT	1.74	True	False	True	True	False	0		0	False	nearest-default	ENSR00000295885	nearest-gene default
chr9-73689691-G-A	chr9	73689691	IGR	0	loss	-0.1639	6.999000072479248	Unknown	ENSG00000232590	116076	Peak_20281	14.06	ENSG00000232590	lncRNA	115858	0.0423	ENSG00000286840	1.68	True	False	True	True	False	0		0	False	nearest-default	Unknown	nearest-gene default
chr15-84500836-G-A	chr15	84500836	RNA	0	loss	-0.2023	2.8359999656677246	LOC112267869	ENSG00000259551	458	Peak_12050	13.22	ENSG00000259551	lncRNA	279	0.1786	ENSG00000291026	1.65	True	False	True	True	False	0		0	False	nearest-default	LOC112267869	nearest-gene default
chr6-141314096-G-T	chr6	141314096	IGR	0	loss	-0.8601	7.039999961853027	Unknown	ENSG00000286452	89144	Peak_8662	16.07	ENSG00000286452	lncRNA	88939	0.2077	ENSG00000259828	1.65	True	False	True	True	False	0		0	False	nearest-default	Unknown	nearest-gene default
chr6-75155185-C-T	chr6	75155185	Intron	0	gain	0.2202	2.507999897003174	COL12A1	COL12A1	51082	Peak_17488	17.79	COL12A1	protein_coding	51215	0.0558	ENSG00000238156	1.62	True	True	True	False	False	0		0	False	nearest-default	COL12A1	nearest-gene default
chr12-64946279-G-C	chr12	64946279	Intron	0	loss	-0.6766	6.998000144958496	LINC02231	LINC02231	36245	Peak_4680	14.95	LINC02231	lncRNA	36084	0.139	ENSG00000198671	1.59	True	True	True	False	False	0		0	False	nearest-default	LINC02231	nearest-gene default
chr12-64946421-G-T	chr12	64946421	Intron	0	loss	-0.2565	4.007999897003174	LINC02231	LINC02231	36103	Peak_4680	14.95	LINC02231	lncRNA	36084	0.139	ENSG00000198671	1.59	True	True	True	False	False	0		0	False	nearest-default	LINC02231	nearest-gene default
chr10-111647153-G-A	chr10	111647153	Intron	0	loss	-0.295	3.0929999351501465	LOC105378486	ENSG00000227851	295050	Peak_17778	13.48	ENSG00000227851	lncRNA	294986	0.038	ENSG00000287231	1.58	True	False	True	True	False	0		0	False	nearest-default	LOC105378486	nearest-gene default
chr1-84720447-G-C	chr1	84720447	IGR	0	gain	0.1662	5.698999881744385	ENSR00000926994	SSX2IP	29644	Peak_20430	14.34	SSX2IP	protein_coding	29625	0.0677	ENSG00000285325	1.57	True	False	True	True	False	0		0	False	nearest-default	ENSR00000926994	nearest-gene default
chr11-115519414-A-G	chr11	115519414	Intron	0	gain	0.5211	2.5290000438690186	LOC105369511	ENSG00000256281	13539	Peak_45998	9.84	ENSG00000256281	lncRNA	13631	0.1031	CADM1	1.52	True	False	True	True	False	0		0	False	nearest-default	LOC105369511	nearest-gene default
chr8-26010397-C-A	chr8	26010397	Intron	0	gain	0.1825	2.4260001182556152	EBF2	EBF2	35016	Peak_52170	8.42	EBF2	protein_coding	34999	0.0368	ENSG00000254178	1.51	True	True	True	False	False	0		0	False	nearest-default	EBF2	nearest-gene default
chr14-101630753-C-T	chr14	101630753	Intron	0	loss	-0.511	8.829000473022461	LOC107984698	ENSG00000258919	1777	Peak_42246	8.1	ENSG00000258919	lncRNA	1776	0.1717	DIO3OS	1.49	True	False	True	True	False	0		0	False	nearest-default	LOC107984698	nearest-gene default
chr7-111735866-G-A	chr7	111735866	Intron	0	loss	-0.492	4.96999979019165	DOCK4	ENSG00000287011	21185	Peak_72404	6.8	ENSG00000287011	lncRNA	21208	0.0468	DOCK4-AS1	1.45	True	False	True	True	False	0		0	False	nearest-default	DOCK4	nearest-gene default
chr1-9005302-G-A	chr1	9005302	Intron	0	loss	-0.2805	3.8350000381469727	SLC2A7	SLC2A7	21121	Peak_48033	9.52	SLC2A7	protein_coding	21244	0.0532	ENSG00000290109	1.44	True	True	True	False	False	0		0	False	nearest-default	SLC2A7	nearest-gene default
chr14-30389762-C-T	chr14	30389762	IGR	0	loss	-0.2222	8.894000053405762	ENSR00000493774	ENSG00000248975	92719	Peak_33564	11.76	ENSG00000248975	lncRNA	92583	0.0292	G2E3-AS1	1.43	True	False	True	True	False	0		0	False	nearest-default	ENSR00000493774	nearest-gene default
chr1-47726450-G-A	chr1	47726450	IGR	0	loss	-0.7167	6.991000175476074	ENSR00000251690	LINC01738	37987	Peak_13445	17.6	ENSG00000223814	lncRNA	39208	0.1056	LINC01738	1.42	True	False	False	True	False	0		0	False	nearest-default	ENSR00000251690	nearest-gene default
chr1-16621200-C-A	chr1	16621200	RNA	0	loss	-1.1659	3.7109999656677246	LOC105376794	ENSG00000271732	3809	Peak_27061	12.0	ENSG00000271732	lncRNA	3779	0.1066	NBPF1	1.39	True	False	True	True	False	0		0	False	nearest-default	LOC105376794	nearest-gene default
chr3-142987272-C-G	chr3	142987272	Intron	0	loss	-0.1843	2.7279999256134033	PAQR9-AS1	ENSG00000268129	14209	Peak_80704	6.12	ENSG00000268129	lncRNA	14301	0.0469	U2SURP	1.39	True	False	True	True	False	0		0	False	nearest-default	PAQR9-AS1	nearest-gene default
chr5-108101414-C-A	chr5	108101414	Intron	0	loss	-0.1917	5.7729997634887695	FBXL17	FBXL17	280684	Peak_553	18.82	ENSG00000249959	lncRNA	384447	0.0227	ENSG00000250383	1.39	True	False	False	True	False	0		0	False	nearest-default	FBXL17	nearest-gene default
chr12-116933153-C-T	chr12	116933153	Intron	0	loss	-0.3193	5.834000110626221	FBXW8	ENSG00000274554	18269	Peak_68225	7.07	ENSG00000274554	lncRNA	18068	0.0523	FBXW8	1.37	True	False	True	True	False	0		0	False	nearest-default	FBXW8	nearest-gene default
chr2-231015855-C-G	chr2	231015855	Intron	0	gain	0.178	5.127999782562256	SPATA3	SPATA3-AS1	19823	Peak_6211	13.37	SPATA3-AS1	lncRNA	19795	0.0682	SPATA3	1.37	True	False	True	True	False	0		0	False	nearest-default	SPATA3	nearest-gene default
chr3-182500511-C-T	chr3	182500511	Intron	0	loss	-0.2116	3.315000057220459	LINC01995	LINC01994	14147	Peak_36410	8.86	LINC01994	lncRNA	14136	0.063	LINC01995	1.37	True	False	True	True	False	0		0	False	nearest-default	LINC01995	nearest-gene default
chr5-51186086-C-T	chr5	51186086	IGR	0	gain	0.2188	5.7230000495910645	ENSR00000754297	ISL1-DT	197246	Peak_122444	4.08	ENSG00000251125	lncRNA	265086	0.0248	ENSG00000288035	1.34	True	False	False	True	False	0		0	False	nearest-default	ENSR00000754297	nearest-gene default
chr3-177516695-T-C	chr3	177516695	Intron	0	loss	-0.2379	4.703000068664551	LINC00578	LINC00578	74785	Peak_39538	7.26	LINC00578	lncRNA	74623	0.02	ENSG00000236385	1.32	True	True	True	False	False	0		0	False	nearest-default	LINC00578	nearest-gene default
chr2-218282661-G-A	chr2	218282661	Intron	0	loss	-0.8314	3.775000095367432	TMBIM1	TMBIM1	9925	Peak_53450	7.76	TMBIM1	protein_coding	9903	0.0583	AAMP	1.27	True	True	True	False	False	0		0	False	nearest-default	TMBIM1	nearest-gene default
chr5-16849958-C-T	chr5	16849958	Intron	0	loss	-0.2212	6.906000137329102	MYO10	MYO10	86330	Peak_91770	5.44	MYO10	protein_coding	86299	0.0105	BASP1	1.26	True	True	True	False	False	0		0	False	nearest-default	MYO10	nearest-gene default
chr9-16829218-G-A	chr9	16829218	Intron	0	loss	-0.1935	2.3959999084472656	BNC2	BNC2	41625	Peak_81586	6.12	BNC2	protein_coding	41727	0.0554	ENSG00000237153	1.26	True	True	True	False	False	0		0	False	nearest-default	BNC2	nearest-gene default
chr1-231643235-T-A	chr1	231643235	Intron	0	loss	-0.7768	3.315999984741211	DISC1	DISC1	16445	Peak_4255	14.63	DISC1	protein_coding	16425	0.093	LINC00582	1.25	True	True	True	False	False	0		0	False	nearest-default	DISC1	nearest-gene default
chrX-124218169-C-G	chrX	124218169	Intron	0	loss	-0.3676	4.5269999504089355	STAG2	SH2D1A	9699	Peak_52444	8.57	SH2D1A	protein_coding	9649	0.166	TEX13D	1.25	True	False	True	True	False	0		0	False	nearest-default	STAG2	nearest-gene default
chr22-25142214-C-T	chr22	25142214	Intron	0	gain	0.1748	2.9149999618530273	KIAA1671	KIAA1671-AS1	29522	Peak_121074	4.08	CRYBB3	protein_coding	57622	0.0207	ENSG00000236641	1.21	True	False	False	True	True	0		0	False	nearest-default	KIAA1671	nearest-gene default
chr8-130749833-G-T	chr8	130749833	IGR	0	loss	-1.0727	8.27299976348877	ENSR00000333478	ENSG00000253656	94121	Peak_48401	9.52	ENSG00000253656	lncRNA	94207	0.0565	ENSG00000253259	1.21	True	False	True	True	True	0		0	False	nearest-default	ENSR00000333478	nearest-gene default
chr13-59398820-G-A	chr13	59398820	IGR	0	gain	0.7683	4.605000019073486	Unknown	ENSG00000288015	168184	Peak_31898	12.11	ENSG00000288015	lncRNA	168329	0.0271	DIAPH3-AS1	1.2	True	False	True	True	True	0		0	False	nearest-default	Unknown	nearest-gene default
chr13-78537848-C-T	chr13	78537848	Intron	0	loss	-0.1898	7.144999980926514	OBI1-AS1	ENSG00000271776	58281	Peak_14536	16.24	ENSG00000271776	lncRNA	58277	0.0561	POU4F1	1.2	True	False	True	True	True	0		0	False	nearest-default	OBI1-AS1	nearest-gene default
chr4-107375022-A-G	chr4	107375022	IGR	0	gain	0.1651	2.3329999446868896	Unknown	DKK2	91216	Peak_121717	4.08	DKK2	protein_coding	91296	0.0482	ENSG00000251081	1.18	True	False	True	True	True	0		0	False	nearest-default	Unknown	nearest-gene default
chr2-143608014-G-A	chr2	143608014	Intron	0	loss	-0.2274	5.798999786376953	ARHGAP15	ENSG00000283994	6497	Peak_2271	19.82	ENSG00000283994	lncRNA	6389	0.5356	ENSG00000228655	1.17	True	False	True	True	True	0		0	False	nearest-default	ARHGAP15	nearest-gene default
chr20-14915530-C-G	chr20	14915530	Intron	0	loss	-0.2813	7.10699987411499	MACROD2	MACROD2-AS1	13998	Peak_125500	3.83	MACROD2-AS1	lncRNA	13933	0.0954	ENSG00000237832	1.17	True	False	True	True	True	0		0	False	nearest-default	MACROD2	nearest-gene default
chrX-118216804-T-C	chrX	118216804	IGR	0	loss	-0.1934	2.700000047683716	Unknown	KLHL13	99464	Peak_26209	13.57	KLHL13	protein_coding	99313	0.0305	WDR44	1.16	True	False	True	True	True	0		0	False	nearest-default	Unknown	nearest-gene default
chr1-120015197-C-A	chr1	120015197	Intron	0	loss	-0.3324	8.895000457763672	NOTCH2	ENSG00000273406	61419	Peak_8594	17.32	ADAM30	protein_coding	118533	0.0381	NOTCH2	1.15	True	False	False	True	True	0		0	False	nearest-default	NOTCH2	nearest-gene default
chr5-10233678-G-T	chr5	10233678	Intron	0	loss	-0.3485	4.816999912261963	ATPSCKMT	ENSG00000248968	14647	Peak_80960	6.12	ENSG00000272417	lncRNA	29652	0.0464	ENSG00000260515	1.15	False	False	False	True	True	0		0	False	nearest-default	ATPSCKMT	nearest-gene default
chr8-110139082-T-C	chr8	110139082	IGR	0	loss	-0.502	6.360000133514404	ENSR00000865917	KCNV1	163311	Peak_49919	9.27	ENSG00000253717	lncRNA	627724	0.0724	ENSG00000253122	1.12	True	False	False	True	True	0		0	False	nearest-default	ENSR00000865917	nearest-gene default
chr5-104965230-C-T	chr5	104965230	Intron	0	loss	-0.2565	4.579999923706055	ENST00000503650	ENSG00000253776	191589	Peak_58411	8.16	ENSG00000253584	lncRNA	281130	0.163	ENSG00000251574	1.1	True	False	False	True	True	0		0	False	nearest-default	ENST00000503650	nearest-gene default
chr2-16227116-G-A	chr2	16227116	RNA	0	loss	-0.4481	4.9079999923706055	ENST00000439745	ENSG00000231266	1078	Peak_27749	10.96	ENSG00000231266	lncRNA	948	0.1709	ENSG00000228876	1.08	True	False	True	True	True	0		0	False	nearest-default	ENST00000439745	nearest-gene default
chr2-16227283-C-T	chr2	16227283	RNA	0	loss	-0.2265	8.880000114440918	ENST00000439745	ENSG00000231266	911	Peak_27749	10.96	ENSG00000231266	lncRNA	948	0.1709	ENSG00000228876	1.08	True	False	True	True	True	0		0	False	nearest-default	ENST00000439745	nearest-gene default
chr1-48109586-C-T	chr1	48109586	Intron	0	loss	-0.1668	4.0329999923706055	LINC02794	ENSG00000231413	27390	Peak_49851	9.27	ENSG00000231413	lncRNA	27496	0.0652	ENSG00000290466	1.07	False	False	True	True	True	0		0	False	nearest-default	LINC02794	nearest-gene default
chr1-48697284-G-T	chr1	48697284	Intron	0	loss	-0.61	8.769000053405762	AGBL4	BEND5	79685	Peak_89372	5.44	ENSG00000229846	lncRNA	328325	0.0132	BEND5	1.07	False	False	False	True	True	0		0	False	nearest-default	AGBL4	nearest-gene default
chr16-641867-T-G	chr16	641867	5'UTR	0	loss	-0.2021	5.7170000076293945	MCRIP2	MCRIP2	5050	Peak_69280	4.99	MCRIP2	protein_coding	5010	0.0458	METTL26	1.07	True	True	True	False	True	0		0	False	nearest-default	MCRIP2	nearest-gene default
chr1-160307529-G-C	chr1	160307529	Intron	0	gain	0.2241	5.629000186920166	COPA	PEX19	21181	Peak_16889	16.7	PEX19	protein_coding	21142	0.0555	ENSG00000258465	1.05	True	False	True	True	True	0		0	False	nearest-default	COPA	nearest-gene default
chr15-69489323-C-T	chr15	69489323	Intron	0	loss	-0.1807	2.489000082015991	DRAIC	DRAIC	26402	Peak_12591	13.9	DRAIC	lncRNA	26358	0.0395	LINC02896	1.05	True	True	True	False	True	0		0	False	nearest-default	DRAIC	nearest-gene default
chr3-62558742-G-T	chr3	62558742	Intron	0	loss	-0.3457	6.993000030517578	CADPS	FEZF2	184418	Peak_80792	6.12	FEZF2	protein_coding	184411	0.0091	PTPRG-AS1	1.05	True	False	True	True	True	0		0	False	nearest-default	CADPS	nearest-gene default
chr7-91137381-C-T	chr7	91137381	Intron	0	loss	-0.1649	6.956999778747559	CDK14	ENSG00000286411	103656	Peak_20938	15.17	ENSG00000286411	lncRNA	103572	0.048	LINC02932	1.05	True	False	True	True	True	0		0	False	nearest-default	CDK14	nearest-gene default
chr10-74989360-C-T	chr10	74989360	Intron	0	loss	-0.2879	2.6700000762939453	KAT6B	ENSG00000227186	34891	Peak_109064	4.64	ENSG00000227186	lncRNA	34880	0.0115	ENSG00000234149	1.02	True	False	True	True	True	0		0	False	nearest-default	KAT6B	nearest-gene default
chr14-67511073-G-A	chr14	67511073	Intron	0	loss	-0.4416	2.8389999866485596	TMEM229B	PLEKHH1	22217	Peak_31661	7.8	PLEKHH1	protein_coding	22272	0.0244	TMEM229B	1.02	True	False	True	True	True	0		0	False	nearest-default	TMEM229B	nearest-gene default
chr3-193788591-C-A	chr3	193788591	Intron	0	loss	-0.2298	2.752000093460083	LOC105374283	ENSG00000286624	16167	Peak_16487	15.81	ENSG00000286624	lncRNA	16135	0.0939	ENSG00000287206	1.02	True	False	True	True	True	0		0	False	nearest-default	LOC105374283	nearest-gene default
chr5-90191204-T-C	chr5	90191204	Intron	0	loss	-0.6189	2.3329999446868896	LINC01339	LINC01339	98874	Peak_24521	11.29	ENSG00000214942	lncRNA	290728	0.0447	LINC01339	1.02	True	False	False	True	True	0		0	False	nearest-default	LINC01339	nearest-gene default
chr8-59264408-C-T	chr8	59264408	IGR	0	loss	-0.2238	4.927000045776367	Unknown	TOX	145261	Peak_36327	9.49	ENSG00000253260	lncRNA	340210	0.019	ENSG00000253879	1.02	True	False	False	True	True	0		0	False	nearest-default	Unknown	nearest-gene default
chr1-101204015-C-A	chr1	101204015	IGR	0	loss	-0.4036	2.413000106811523	ENSR00001170252	S1PR1-DT	32609	Peak_36903	10.88	S1PR1-DT	lncRNA	32434	0.0506	S1PR1	1.01	True	False	True	True	True	0		0	False	nearest-default	ENSR00001170252	nearest-gene default
chr12-49673683-G-A	chr12	49673683	Intron	0	loss	-0.1801	5.807000160217285	FMNL3	TMBIM6	34042	Peak_8826	16.49	TMBIM6	protein_coding	34123	0.0386	FMNL3	1.01	True	False	True	True	True	0		0	False	nearest-default	FMNL3	nearest-gene default
chr2-48279606-A-G	chr2	48279606	Intron	0	loss	-0.3054	2.6700000762939453	LOC102724008	ENSG00000230773	34618	Peak_50651	8.96	ENSG00000230773	lncRNA	34701	0.0268	FOXN2	1.01	True	False	True	True	True	0		0	False	nearest-default	LOC102724008	nearest-gene default
chr6-108157821-T-G	chr6	108157821	RNA	0	loss	-0.4435	6.203999996185303	OSTM1-AS1	OSTM1	8033	Peak_28097	10.79	OSTM1	protein_coding	8190	0.1397	NR2E1	1.01	True	False	True	True	True	0		0	False	nearest-default	OSTM1-AS1	nearest-gene default
chrX-47659161-G-A	chrX	47659161	5'UTR	0	loss	-0.2332	4.681000232696533	UXT	UXT	19	Peak_11385	14.92	UXT	protein_coding	198	0.19	UXT-AS1	1.01	True	True	True	False	True	0		0	False	nearest-default	UXT	nearest-gene default
chr17-46732854-A-G	chr17	46732854	Intron	0	loss	-0.2402	3.5820000171661377	NSF	WNT3	100300	Peak_9321	18.04	WNT3	protein_coding	100145	0.0264	WNT9B	1.0	True	False	True	True	True	0		0	False	nearest-default	NSF	nearest-gene default
chr20-669845-C-T	chr20	669845	Intron	0	loss	-0.1802	8.87399959564209	SCRT2	ENSG00000270299	5955	Peak_95521	4.52	ENSG00000270299	protein_coding	5976	0.0566	SCRT2	1.0	True	False	True	True	True	0		0	False	nearest-default	SCRT2	nearest-gene default
chr20-43160154-T-A	chr20	43160154	Intron	0	loss	-0.2671	6.360000133514404	PTPRT	PTPRT	29816	Peak_17006	14.14	PTPRT	protein_coding	29835	0.0705	PTPRT-DT	1.0	True	True	True	False	True	0		0	False	nearest-default	PTPRT	nearest-gene default
chr22-33000876-C-T	chr22	33000876	Intron	0	loss	-1.2443	8.583000183105469	SYN3	SYN3	57505	Peak_17644	16.83	ENSG00000228622	lncRNA	105328	0.0465	LINC01640	1.0	False	False	False	True	True	0		0	False	nearest-default	SYN3	nearest-gene default
chr3-42654894-T-A	chr3	42654894	Intron	0	loss	-0.2187	5.810999870300293	ZBTB47	ZBTB47-AS1	506	Peak_31582	9.33	ZBTB47	protein_coding	510	0.1322	ZBTB47-AS1	1.0	True	True	False	False	True	0		0	False	nearest-default	ZBTB47	nearest-gene default
chr7-105933219-C-G	chr7	105933219	Intron	0	gain	0.3304	4.565999984741211	CDHR3	CDHR3	56423	Peak_9376	20.65	CDHR3	protein_coding	56326	0.0461	ATXN7L1	1.0	True	True	True	False	True	0		0	False	nearest-default	CDHR3	nearest-gene default
chr7-132677959-G-A	chr7	132677959	Intron	0	loss	-0.2965	3.98799991607666	FLJ40288	FLJ40288	29165	Peak_29708	13.64	FLJ40288	lncRNA	29290	0.0965	PLXNA4	1.0	True	True	True	False	True	0		0	False	nearest-default	FLJ40288	nearest-gene default
